caminho,pasta_raiz,categoria,subcategoria,subpasta,arquivo,extensao,tipo,tamanho_bytes,hash
SQL_SERVER/querys_da_aula (1)/querys_da_aula.sql,SQL_SERVER,SQL Server,,querys_da_aula (1),querys_da_aula.sql,.sql,conteudo,769,0b82b66d721a3bbc35a38d189a80769d0dac73fe8e117e166c6a3f5ffee854c7
SQL_SERVER/querys_da_aula (10)/querys_da_aula.txt,SQL_SERVER,SQL Server,,querys_da_aula (10),querys_da_aula.txt,.txt,conteudo,576,21250e9df642fc027f167e0fdf8bab52071e7d8b144e155eadc14e8f4ad2c538
SQL_SERVER/querys_da_aula (11)/querys_da_aula.txt,SQL_SERVER,SQL Server,,querys_da_aula (11),querys_da_aula.txt,.txt,conteudo,680,1c000f6d865ee5301664d4c270cbd851c90eed2b3d723d294be1800cee583f12
SQL_SERVER/querys_da_aula (12)/querys_da_aula.txt,SQL_SERVER,SQL Server,,querys_da_aula (12),querys_da_aula.txt,.txt,conteudo,774,6768497be6ee3c055face5fd6c105808a052b6fb8577c4ac5b3751448198e69e
SQL_SERVER/querys_da_aula (13)/querys_da_aula.txt,SQL_SERVER,SQL Server,,querys_da_aula (13),querys_da_aula.txt,.txt,conteudo,881,57167c127cff51fcde5d6c2247b5b3b85a3709165ce7f6ddc6daf2ca786b8c14
SQL_SERVER/querys_da_aula (2)/querys_da_aula.txt,SQL_SERVER,SQL Server,,querys_da_aula (2),querys_da_aula.txt,.txt,conteudo,410,260d3f7ac3d6ac6f1de19caf2e00c010bc6f9b9dcccb2dc3610ee846703b07cb
SQL_SERVER/querys_da_aula (3)/querys_da_aula.txt,SQL_SERVER,SQL Server,,querys_da_aula (3),querys_da_aula.txt,.txt,conteudo,601,f39c9b701db54b53b27044f223d07a4dfb176e1a446efa387f7f653fdca91b09
SQL_SERVER/querys_da_aula (4)/querys_da_aula.txt,SQL_SERVER,SQL Server,,querys_da_aula (4),querys_da_aula.txt,.txt,conteudo,1072,49ebd19c43ec5c72573473a1d21b682f49e5d251b888b15a1636d92415bfa01f
SQL_SERVER/querys_da_aula (5)/querys_da_aula.txt,SQL_SERVER,SQL Server,,querys_da_aula (5),querys_da_aula.txt,.txt,conteudo,1395,29fcfdcbb31d7753cd996a2fa9e22752817eef321d5ab5a37c704e52c886006f
SQL_SERVER/querys_da_aula (8)/querys_da_aula.txt,SQL_SERVER,SQL Server,,querys_da_aula (8),querys_da_aula.txt,.txt,conteudo,615,a8da7d3776522d5448696cb8df7e46c6db263e4b4e70579e57779d91c1359195
SQL_SERVER/querys_da_aula (9)/querys_da_aula.txt,SQL_SERVER,SQL Server,,querys_da_aula (9),querys_da_aula.txt,.txt,conteudo,1798,7aff62443a20f88844f211231c6dc158c79b50679247c9f70a7293dfb468be6e
SQL_SERVER/4_TSQLServer-20260725T152615Z-1-001/4_TSQLServer/Base_Fraude.csv,SQL_SERVER,SQL Server,,4_TSQLServer-20260725T152615Z-1-001\4_TSQLServer,Base_Fraude.csv,.csv,dado,113339,7b2e523606af5817057bb945f0f02376169981ca0c25bb5a0ac9a6b6902947e1
SQL_SERVER/4_TSQLServer-20260725T152615Z-1-001/4_TSQLServer/exemplo_tabela.json,SQL_SERVER,SQL Server,,4_TSQLServer-20260725T152615Z-1-001\4_TSQLServer,exemplo_tabela.json,.json,dado,441266,5eced840e5ba029398f736e47fe3c286b43341c3f4999a9c07167ba24e386bdf
SQL_SERVER/4_TSQLServer-20260725T152750Z-1-001/4_TSQLServer/Base_Fraude.csv,SQL_SERVER,SQL Server,,4_TSQLServer-20260725T152750Z-1-001\4_TSQLServer,Base_Fraude.csv,.csv,dado,113339,7b2e523606af5817057bb945f0f02376169981ca0c25bb5a0ac9a6b6902947e1
SQL_SERVER/4_TSQLServer-20260725T152750Z-1-001/4_TSQLServer/exemplo_tabela.json,SQL_SERVER,SQL Server,,4_TSQLServer-20260725T152750Z-1-001\4_TSQLServer,exemplo_tabela.json,.json,dado,441266,5eced840e5ba029398f736e47fe3c286b43341c3f4999a9c07167ba24e386bdf
SQL_SERVER/arquivos_da_aula/arquivos_da_aula/erpx.brM3,SQL_SERVER,SQL Server,,arquivos_da_aula\arquivos_da_aula,erpx.brM3,.brm3,dado,42952,48ea2ecb27d08710b39c02968a7ac87c72d4babd7035348f9750bee2cb0410e7
SQL_SERVER/arquivos_da_aula/arquivos_da_aula/querys_necessarias.sql,SQL_SERVER,SQL Server,,arquivos_da_aula\arquivos_da_aula,querys_necessarias.sql,.sql,conteudo,3417,116c6bea93e0ff47d2624983d536ae5ed26c6159ab613fb9df7318cb585a2271
SQL_SERVER/querys_da_aula/querys_da_aula/querys_da_aula.txt,SQL_SERVER,SQL Server,,querys_da_aula\querys_da_aula,querys_da_aula.txt,.txt,conteudo,424,be4c545a2754975bff0143fbe03614bfa4b988cc291be06d4a08fac5c8febdae
SQL_SERVER/querys_da_aula (6)/querys_da_aula/querys_da_aula.txt,SQL_SERVER,SQL Server,,querys_da_aula (6)\querys_da_aula,querys_da_aula.txt,.txt,conteudo,163,7ae2561ffe1b8fcb9786b22b51d7de2b70d53921b7eeef2715d68cf86a4f1d7e
SQL_SERVER/querys_da_aula (7)/querys_da_aula/querys_da_aula.txt,SQL_SERVER,SQL Server,,querys_da_aula (7)\querys_da_aula,querys_da_aula.txt,.txt,conteudo,163,7ae2561ffe1b8fcb9786b22b51d7de2b70d53921b7eeef2715d68cf86a4f1d7e
POSTGREES/arquivos_necessarios/querys.sql,POSTGREES,PostgreSQL,,arquivos_necessarios,querys.sql,.sql,conteudo,91675,7bf345d445a5f4006b80881d420423c46954279e47fc5bf32ebe4f325a0ec6d7
POSTGREES/ADMINISTRACAO/querys_da_aula/querys_da_aula/querys_da_aula.txt,POSTGREES,PostgreSQL,,ADMINISTRACAO\querys_da_aula\querys_da_aula,querys_da_aula.txt,.txt,conteudo,225,4372877606a32807aa368cae70ae3d6482ff06005e4a64736d18e8fc149c4db9
POSTGREES/ADMINISTRACAO/querys_da_aula (1)/querys_da_aula/querys_da_aula.txt,POSTGREES,PostgreSQL,,ADMINISTRACAO\querys_da_aula (1)\querys_da_aula,querys_da_aula.txt,.txt,conteudo,609,1a97cb9bda2a1b3f1ae5f93eea27de795c4a164a53c6fb76c8fad89dcd1c7a99
POSTGREES/ADMINISTRACAO/querys_da_aula (10)/querys_da_aula/querys_da_aula.txt,POSTGREES,PostgreSQL,,ADMINISTRACAO\querys_da_aula (10)\querys_da_aula,querys_da_aula.txt,.txt,conteudo,539,911950feb54b297737d3b3bcf0e1d83e59a982e1f965ed0201bf4373eea43a2e
POSTGREES/ADMINISTRACAO/querys_da_aula (11)/querys_da_aula/querys_da_aula.txt,POSTGREES,PostgreSQL,,ADMINISTRACAO\querys_da_aula (11)\querys_da_aula,querys_da_aula.txt,.txt,conteudo,67,3b7f214869a0594a4fa1478251f1cd03ae58f1cdbe83a51b74df18c72906cf82
POSTGREES/ADMINISTRACAO/querys_da_aula (12)/querys_da_aula/querys_da_aula.txt,POSTGREES,PostgreSQL,,ADMINISTRACAO\querys_da_aula (12)\querys_da_aula,querys_da_aula.txt,.txt,conteudo,885,1b6362f7705a8633aa877b51b2e36da23ad1c9ab8d5f51e284ff376c7bf70541
POSTGREES/ADMINISTRACAO/querys_da_aula (13)/querys_da_aula/querys_da_aula.txt,POSTGREES,PostgreSQL,,ADMINISTRACAO\querys_da_aula (13)\querys_da_aula,querys_da_aula.txt,.txt,conteudo,970,66c3415fb3696401ca458882a55e7bf94cd999a47e3f386fa444ef197c0393da
POSTGREES/ADMINISTRACAO/querys_da_aula (14)/querys_da_aula/querys_da_aula.txt,POSTGREES,PostgreSQL,,ADMINISTRACAO\querys_da_aula (14)\querys_da_aula,querys_da_aula.txt,.txt,conteudo,815,5032ad43c3296556bc8ad8591c166b5ee539cae0b0c74583c700251d43ac073f
POSTGREES/ADMINISTRACAO/querys_da_aula (15)/querys_da_aula/querys_da_aula.txt,POSTGREES,PostgreSQL,,ADMINISTRACAO\querys_da_aula (15)\querys_da_aula,querys_da_aula.txt,.txt,conteudo,403,a6d7537224a45934027227590e1c2ce5acc4e627e60500d04ab5c8b060b08ba2
POSTGREES/ADMINISTRACAO/querys_da_aula (16)/querys_da_aula/querys_da_aula.txt,POSTGREES,PostgreSQL,,ADMINISTRACAO\querys_da_aula (16)\querys_da_aula,querys_da_aula.txt,.txt,conteudo,258,000464b134a471443b0e1120c8b59cd163aca24b7cefc1bc514a019b7475f30d
POSTGREES/ADMINISTRACAO/querys_da_aula (17)/querys_da_aula/querys_da_aula.txt,POSTGREES,PostgreSQL,,ADMINISTRACAO\querys_da_aula (17)\querys_da_aula,querys_da_aula.txt,.txt,conteudo,54,b294206329694b7f9c221e13cc22b39da9cd33b5de1936b4938e95acaadcd1fd
POSTGREES/ADMINISTRACAO/querys_da_aula (18)/querys_da_aula/querys_da_aula.txt,POSTGREES,PostgreSQL,,ADMINISTRACAO\querys_da_aula (18)\querys_da_aula,querys_da_aula.txt,.txt,conteudo,162,eee7f6eb1beb6156ff61e5f4da54ebd20a5fb9faea691e515803faab7901cb86
POSTGREES/ADMINISTRACAO/querys_da_aula (19)/querys_da_aula/querys_da_aula.txt,POSTGREES,PostgreSQL,,ADMINISTRACAO\querys_da_aula (19)\querys_da_aula,querys_da_aula.txt,.txt,conteudo,328,39429ccd8d1dc75ff513c04ce450beb5307474ae8b746d6786681b1e30edf226
POSTGREES/ADMINISTRACAO/querys_da_aula (2)/querys_da_aula/querys_da_aula.txt,POSTGREES,PostgreSQL,,ADMINISTRACAO\querys_da_aula (2)\querys_da_aula,querys_da_aula.txt,.txt,conteudo,96,7f56181aeb723b15a26ea1fe27ea0951fba4e9448e886e0475ff5f3cbfebac58
POSTGREES/ADMINISTRACAO/querys_da_aula (25)/querys_da_aula/querys_da_aula.txt,POSTGREES,PostgreSQL,,ADMINISTRACAO\querys_da_aula (25)\querys_da_aula,querys_da_aula.txt,.txt,conteudo,145,3f25603236a3dbf184dd6e757b981caad887186245ea4901aee3094971520a79
POSTGREES/ADMINISTRACAO/querys_da_aula (3)/querys_da_aula/querys_da_aula.txt,POSTGREES,PostgreSQL,,ADMINISTRACAO\querys_da_aula (3)\querys_da_aula,querys_da_aula.txt,.txt,conteudo,547,b1fc73f837d335462034a4e05b1869b2b5e90958600e7eafab92ca163978a79d
POSTGREES/ADMINISTRACAO/querys_da_aula (4)/querys_da_aula/querys_da_aula.txt,POSTGREES,PostgreSQL,,ADMINISTRACAO\querys_da_aula (4)\querys_da_aula,querys_da_aula.txt,.txt,conteudo,165,221bd4bbc94ee8ca8c11c118c6f6ed10160fa93e2bfefe0e5cf5d375b2af6911
POSTGREES/ADMINISTRACAO/querys_da_aula (5)/querys_da_aula/querys_da_aula.txt,POSTGREES,PostgreSQL,,ADMINISTRACAO\querys_da_aula (5)\querys_da_aula,querys_da_aula.txt,.txt,conteudo,741,c7bdf43b7c81dec4a691ba7f33cc09d2cf7274d448752c6063f7805c5c1fc523
POSTGREES/ADMINISTRACAO/querys_da_aula (6)/querys_da_aula/querys_da_aula.txt,POSTGREES,PostgreSQL,,ADMINISTRACAO\querys_da_aula (6)\querys_da_aula,querys_da_aula.txt,.txt,conteudo,535,d01b0442b47211d6876fad840a153a5686ac9c5e6da986d617c07ef47ebdd99c
POSTGREES/ADMINISTRACAO/querys_da_aula (7)/querys_da_aula/querys_da_aula.txt,POSTGREES,PostgreSQL,,ADMINISTRACAO\querys_da_aula (7)\querys_da_aula,querys_da_aula.txt,.txt,conteudo,1014,025fa70e27cdcab84e5390bde020fc12739795f49019a17ad2cf109b5070f727
POSTGREES/ADMINISTRACAO/querys_da_aula (8)/querys_da_aula/querys_da_aula.txt,POSTGREES,PostgreSQL,,ADMINISTRACAO\querys_da_aula (8)\querys_da_aula,querys_da_aula.txt,.txt,conteudo,937,d2939c642da12538cfe24d81c80ef0a84eb122ed8c4a9a1ff4682df658bc9e0e
POSTGREES/ADMINISTRACAO/querys_da_aula (9)/querys_da_aula/querys_da_aula.txt,POSTGREES,PostgreSQL,,ADMINISTRACAO\querys_da_aula (9)\querys_da_aula,querys_da_aula.txt,.txt,conteudo,384,858fd0e2c53853b10e05820c9bbd6cb2375b8b93d4257749ef8431d98a0fa397
POSTGREES/arquivos_da_aula/arquivos_da_aula/modelo_logico_aula_174.brM3,POSTGREES,PostgreSQL,,arquivos_da_aula\arquivos_da_aula,modelo_logico_aula_174.brM3,.brm3,dado,30591,cb9af5541b72ce5c41eb84d4c1181de3a1c0f774e5297916719bd1478428addf
POSTGREES/arquivos_da_aula/arquivos_da_aula/querys_da_aula.txt,POSTGREES,PostgreSQL,,arquivos_da_aula\arquivos_da_aula,querys_da_aula.txt,.txt,conteudo,1505,27a1166771ea4e0fa57eded6f3cdf2ed5d51690a1713e9f7e24cc2ef7eb27204
POSTGREES/arquivos_da_aula (1)/arquivos_da_aula/modelo_logico_aula_187.brM3,POSTGREES,PostgreSQL,,arquivos_da_aula (1)\arquivos_da_aula,modelo_logico_aula_187.brM3,.brm3,dado,81947,fa7bf6aeb85f3ae878985bbaa7ef1079804069232ddbd0896db86c941a5a5375
POSTGREES/arquivos_da_aula (1)/arquivos_da_aula/querys_da_aula.txt,POSTGREES,PostgreSQL,,arquivos_da_aula (1)\arquivos_da_aula,querys_da_aula.txt,.txt,conteudo,2970,23038b2b7e02d46c4f152a0d131f7ed2ae833a76af2a2ee2ab9e4a172db9f14b
POSTGREES/arquivos_da_aula (2)/arquivos_da_aula/modelo_logico_aula_188.brM3,POSTGREES,PostgreSQL,,arquivos_da_aula (2)\arquivos_da_aula,modelo_logico_aula_188.brM3,.brm3,dado,93945,c723190a4729b2ba6a84a38cde786d72ec00cb2fd8edb71f32df465fdb633d0a
POSTGREES/arquivos_da_aula (2)/arquivos_da_aula/querys_da_aula.txt,POSTGREES,PostgreSQL,,arquivos_da_aula (2)\arquivos_da_aula,querys_da_aula.txt,.txt,conteudo,585,4774f64d08451d2c2e836c1eb21976d21d078d91153a259798fcf44f3b2109c0
POSTGREES/arquivos_da_aula (3)/arquivos_da_aula/modelo_logico.brM3,POSTGREES,PostgreSQL,,arquivos_da_aula (3)\arquivos_da_aula,modelo_logico.brM3,.brm3,dado,95996,db998264a4a74562242dbd89acfb0b48b1a91094601aa837c16e1e9db6570a7c
POSTGREES/arquivos_da_aula (3)/arquivos_da_aula/querys_da_aula.txt,POSTGREES,PostgreSQL,,arquivos_da_aula (3)\arquivos_da_aula,querys_da_aula.txt,.txt,conteudo,1124,6a59d29a357f84ad283860637435372ce1f7c1c6d7d70fc9434543bc0e07d009
POSTGREES/arquivos_da_aula (4)/arquivos_da_aula/modelo_logico.brM3,POSTGREES,PostgreSQL,,arquivos_da_aula (4)\arquivos_da_aula,modelo_logico.brM3,.brm3,dado,98358,d57f0635ebf03615888bb809f98ea5aed8cf4e57df50e8e7bc053e26a4704eec
POSTGREES/arquivos_da_aula (4)/arquivos_da_aula/querys_da_aula.txt,POSTGREES,PostgreSQL,,arquivos_da_aula (4)\arquivos_da_aula,querys_da_aula.txt,.txt,conteudo,1524,60f2c7f9ee0d68a27a1379997f1e959145239f4340c4093cf1a411d4f878cc23
POSTGREES/arquivos_da_aula (5)/arquivos_da_aula/modelo_logico.brM3,POSTGREES,PostgreSQL,,arquivos_da_aula (5)\arquivos_da_aula,modelo_logico.brM3,.brm3,dado,109561,965b3545ce88cddd34426a42a4f7542912d030bb15c89b0bd074a7c2d6f0e7ae
POSTGREES/arquivos_da_aula (5)/arquivos_da_aula/querys_da_aula.txt,POSTGREES,PostgreSQL,,arquivos_da_aula (5)\arquivos_da_aula,querys_da_aula.txt,.txt,conteudo,1126,80501a26c5012c74975a22640b9e56a723c2d05c19cc5b557e68c49fb10aee8d
POSTGREES/arquivos_da_aula (6)/arquivos_da_aula/modelo_logico.brM3,POSTGREES,PostgreSQL,,arquivos_da_aula (6)\arquivos_da_aula,modelo_logico.brM3,.brm3,dado,121443,f5ccd038c86144356d3610be4d7eb0bd3bd3a623f6dacc6dc65a880b1551ad04
POSTGREES/arquivos_da_aula (6)/arquivos_da_aula/querys_da_aula.txt,POSTGREES,PostgreSQL,,arquivos_da_aula (6)\arquivos_da_aula,querys_da_aula.txt,.txt,conteudo,1028,b257eb98c34ea5b1c13dadd210cecbdb2c617e2a6a30badfe581b8dea7a16ac9
POSTGREES/arquivos_da_aula (7)/arquivos_da_aula/modelo_logico.brM3,POSTGREES,PostgreSQL,,arquivos_da_aula (7)\arquivos_da_aula,modelo_logico.brM3,.brm3,dado,126862,a3b449b1016e41222ff5c468899bb34347759e8dc341a2ca4abe8e3ebbdac85d
POSTGREES/arquivos_da_aula (7)/arquivos_da_aula/querys_da_aula.txt,POSTGREES,PostgreSQL,,arquivos_da_aula (7)\arquivos_da_aula,querys_da_aula.txt,.txt,conteudo,72,ccdb183d26ec923a818f0bc3af767a1e5f9c3bbf753ca1660e60d66bf7903434
POSTGREES/querys_da_aula/querys_da_aula/querys_da_aula.txt,POSTGREES,PostgreSQL,,querys_da_aula\querys_da_aula,querys_da_aula.txt,.txt,conteudo,92,acade1b7c846c149a69e4c5119f02feb02333f3afd18a90bea85e6498a2e9e27
POSTGREES/querys_da_aula (1)/querys_da_aula/querys_da_aula.txt,POSTGREES,PostgreSQL,,querys_da_aula (1)\querys_da_aula,querys_da_aula.txt,.txt,conteudo,295,8d8db0560d780bd782d1d9a19702020a6e512a5589d497b33e0c39b20f3e22ed
POSTGREES/querys_da_aula (10)/querys_da_aula/querys_da_aula.txt,POSTGREES,PostgreSQL,,querys_da_aula (10)\querys_da_aula,querys_da_aula.txt,.txt,conteudo,1357,c8c026a5f2bc398174743266960d0dbad061d1c306a9e1c50f5e0e20bec55a88
POSTGREES/querys_da_aula (11)/querys_da_aula/querys_da_aula.txt,POSTGREES,PostgreSQL,,querys_da_aula (11)\querys_da_aula,querys_da_aula.txt,.txt,conteudo,204,d19ccda78ace3f70e21ba962616dc9c548890c155cce28d7af4838003c83e176
POSTGREES/querys_da_aula (12)/querys_da_aula/querys_da_aula.txt,POSTGREES,PostgreSQL,,querys_da_aula (12)\querys_da_aula,querys_da_aula.txt,.txt,conteudo,281,9052c0442d25fc73412da05d8e6668709cfc1fd501fb3837e23baedcf56cc00e
POSTGREES/querys_da_aula (13)/querys_da_aula/querys_da_aula.txt,POSTGREES,PostgreSQL,,querys_da_aula (13)\querys_da_aula,querys_da_aula.txt,.txt,conteudo,423,bc08df449a2e26a4d2cc8371ea02311c7e083d0999f7ce82c8c9a933af077150
POSTGREES/querys_da_aula (14)/querys_da_aula/querys_da_aula.txt,POSTGREES,PostgreSQL,,querys_da_aula (14)\querys_da_aula,querys_da_aula.txt,.txt,conteudo,318,275b3c30d86e078746975950e3a34dfa5da70f31379ffec2e92c547077cd09e9
POSTGREES/querys_da_aula (15)/querys_da_aula/querys_da_aula.txt,POSTGREES,PostgreSQL,,querys_da_aula (15)\querys_da_aula,querys_da_aula.txt,.txt,conteudo,850,ca92b29ea4b4de2cea50793bcaf378a96972ff926520a61f87c80fd13f96f5df
POSTGREES/querys_da_aula (16)/querys_da_aula/querys_da_aula.txt,POSTGREES,PostgreSQL,,querys_da_aula (16)\querys_da_aula,querys_da_aula.txt,.txt,conteudo,1561,4edec5961ee7cbe98b2ae7a11a2580690d50ea274f7bc1c15725c7024c972b2e
POSTGREES/querys_da_aula (17)/querys_da_aula/querys_da_aula.txt,POSTGREES,PostgreSQL,,querys_da_aula (17)\querys_da_aula,querys_da_aula.txt,.txt,conteudo,12323,7b3c83335ab4cef345b6f45a4e433fb1b651a03ddeb17a8c38c2661db964f7a8
POSTGREES/querys_da_aula (18)/querys_da_aula/querys_da_aula.txt,POSTGREES,PostgreSQL,,querys_da_aula (18)\querys_da_aula,querys_da_aula.txt,.txt,conteudo,737,4c146807cd40b8e34d6c727df655dcc5fa48618ee028dab9b3b7842649781f3b
POSTGREES/querys_da_aula (19)/querys_da_aula/querys_da_aula.txt,POSTGREES,PostgreSQL,,querys_da_aula (19)\querys_da_aula,querys_da_aula.txt,.txt,conteudo,523,3d7ddce464631f6f9dd7dabed6ddfc7f68a4be8adba2109abdcfbae4a0baa3bc
POSTGREES/querys_da_aula (2)/querys_da_aula/querys_da_aula.txt,POSTGREES,PostgreSQL,,querys_da_aula (2)\querys_da_aula,querys_da_aula.txt,.txt,conteudo,407,9c4db1dc8964db2c835f5766c1bc01a298c4b42aa0fad6d9840223f635e86579
POSTGREES/querys_da_aula (20)/querys_da_aula/querys_da_aula.txt,POSTGREES,PostgreSQL,,querys_da_aula (20)\querys_da_aula,querys_da_aula.txt,.txt,conteudo,322,e31003a9c3156e836a8cbd0285ffbbff13baed3109b93527c275695cfae8539a
POSTGREES/querys_da_aula (21)/querys_da_aula/querys_da_aula.txt,POSTGREES,PostgreSQL,,querys_da_aula (21)\querys_da_aula,querys_da_aula.txt,.txt,conteudo,201,109a32871cf5ce3f54da77d2d0327762feffe713c42ccb4417b8a4576de2d3a0
POSTGREES/querys_da_aula (22)/querys_da_aula/querys_da_aula.txt,POSTGREES,PostgreSQL,,querys_da_aula (22)\querys_da_aula,querys_da_aula.txt,.txt,conteudo,424,65a3ae4953101ca1c5b4ce0ed0847b6a8f1d2ca8822d1c18fca3620f6a1adacf
POSTGREES/querys_da_aula (23)/querys_da_aula/querys_da_aula.txt,POSTGREES,PostgreSQL,,querys_da_aula (23)\querys_da_aula,querys_da_aula.txt,.txt,conteudo,479,73b135f10d17862acb9b69aa541cdf881c504e65f04f271c38144b888786ec34
POSTGREES/querys_da_aula (24)/querys_da_aula/querys_da_aula.txt,POSTGREES,PostgreSQL,,querys_da_aula (24)\querys_da_aula,querys_da_aula.txt,.txt,conteudo,108,d4f7572d9f66de3a34d955ffc43819356d494c6b66b7c319652ea6fc1e626a4c
POSTGREES/querys_da_aula (3)/querys_da_aula/querys_da_aula.txt,POSTGREES,PostgreSQL,,querys_da_aula (3)\querys_da_aula,querys_da_aula.txt,.txt,conteudo,128,d0caf4c147c20958797a3356aa674c0a77e4ffb31e6e67a30efec1381ebc2348
POSTGREES/querys_da_aula (4)/querys_da_aula/querys_da_aula.txt,POSTGREES,PostgreSQL,,querys_da_aula (4)\querys_da_aula,querys_da_aula.txt,.txt,conteudo,1278,d13787c7a54c1160d0751812af1076719d2a00acac84ad56938bf69a4c21b101
POSTGREES/querys_da_aula (5)/querys_da_aula/querys_da_aula.txt,POSTGREES,PostgreSQL,,querys_da_aula (5)\querys_da_aula,querys_da_aula.txt,.txt,conteudo,958,2d6cae1f59287309ad82a6ffb8472ba76e124942511e1e999568a5122aa7261f
POSTGREES/querys_da_aula (6)/querys_da_aula/querys_da_aula.txt,POSTGREES,PostgreSQL,,querys_da_aula (6)\querys_da_aula,querys_da_aula.txt,.txt,conteudo,870,a76d69748e44c889d06d717ea45d457959346ea75bc98e3ca3d4ad99b1b41be6
POSTGREES/querys_da_aula (7)/querys_da_aula/querys_da_aula.txt,POSTGREES,PostgreSQL,,querys_da_aula (7)\querys_da_aula,querys_da_aula.txt,.txt,conteudo,226,dcb3534eafe5f996eaf872aaeef4d7b19f0af8106f0010aaf70f017a4b44e307
POSTGREES/querys_da_aula (8)/querys_da_aula/querys_da_aula.txt,POSTGREES,PostgreSQL,,querys_da_aula (8)\querys_da_aula,querys_da_aula.txt,.txt,conteudo,561,ca1d1ed3ded9dc38097d97de5bf7e679b742295bec389529ebaba3d27566af96
POSTGREES/querys_da_aula (9)/querys_da_aula/querys_da_aula.txt,POSTGREES,PostgreSQL,,querys_da_aula (9)\querys_da_aula,querys_da_aula.txt,.txt,conteudo,942,c9537333af5dbd51d0c0f4918f730ea5ea04de8fb3a625c0438a534454fe5247
Estatistica_DS/estatistica.ipynb,Estatistica_DS,Estatística,,,estatistica.ipynb,.ipynb,conteudo,203797,d2bff6ae641aeb09ca2a9228c235d6a0da7061365a42ef6ec0289ea76d1f2959
Estatistica_DS/Estatística.pptx,Estatistica_DS,Estatística,,,Estatística.pptx,.pptx,conteudo,491715,0e49a1be5d3f9111d0247ab3e6b5e2a775a959fa5ac8593c5507f7f49d795e2c
Estatistica_DS/Estatística+para+Ciência+de+Dados+e+Machine+Learning/.DS_Store,Estatistica_DS,Estatística,,Estatística+para+Ciência+de+Dados+e+Machine+Learning,.DS_Store,,outro,10244,7703ba6038fe57193ee38255661df863674ee8e151412d4be8c74ef098d729cb
Estatistica_DS/Estatística+para+Ciência+de+Dados+e+Machine+Learning/Bases de dados/ad.data,Estatistica_DS,Estatística,,Estatística+para+Ciência+de+Dados+e+Machine+Learning\Bases de dados,ad.data,.data,dado,10275015,65389b881d170ec7342630d70b45f4176e79c55e6c770c52619de5de9bab9eac
Estatistica_DS/Estatística+para+Ciência+de+Dados+e+Machine+Learning/Bases de dados/autos.csv,Estatistica_DS,Estatística,,Estatística+para+Ciência+de+Dados+e+Machine+Learning\Bases de dados,autos.csv,.csv,dado,68439217,77f0e8d15c0543ae6f9a1c4231944b71e85828bb6d98a86aa40b6fa10dda207f
Estatistica_DS/Estatística+para+Ciência+de+Dados+e+Machine+Learning/Bases de dados/census.csv,Estatistica_DS,Estatística,,Estatística+para+Ciência+de+Dados+e+Machine+Learning\Bases de dados,census.csv,.csv,dado,4007025,4d02a845cc880a3a5e61d80bdfda1a4f8e0c122ad7356cf0fb966a30762f36b4
Estatistica_DS/Estatística+para+Ciência+de+Dados+e+Machine+Learning/Bases de dados/Comandos-R.txt,Estatistica_DS,Estatística,,Estatística+para+Ciência+de+Dados+e+Machine+Learning\Bases de dados,Comandos-R.txt,.txt,conteudo,323,761fa4c795bc1b8e84f990c6307b78d8d55c4aa9c2bc724c21881b81ec97186d
Estatistica_DS/Estatística+para+Ciência+de+Dados+e+Machine+Learning/Bases de dados/credit_data.csv,Estatistica_DS,Estatística,,Estatística+para+Ciência+de+Dados+e+Machine+Learning\Bases de dados,credit_data.csv,.csv,dado,119811,41917db5ca1a77a252a6708baaa5e09978be2a0bccbef57452b536bdd762d559
Estatistica_DS/Estatística+para+Ciência+de+Dados+e+Machine+Learning/Bases de dados/csv_result-ebay_confianca_completo.csv,Estatistica_DS,Estatística,,Estatística+para+Ciência+de+Dados+e+Machine+Learning\Bases de dados,csv_result-ebay_confianca_completo.csv,.csv,dado,6691554,4095264a8160cc1f1754aebd8f5726209c5d8f386959fe9095dbb1fccf32b6bd
Estatistica_DS/Estatística+para+Ciência+de+Dados+e+Machine+Learning/Bases de dados/F+table.xlsx,Estatistica_DS,Estatística,,Estatística+para+Ciência+de+Dados+e+Machine+Learning\Bases de dados,F+table.xlsx,.xlsx,dado,32895,1962a99e767c04df2b126538001247c201ceee98faa15310cff32026557ad2a9
Estatistica_DS/Estatística+para+Ciência+de+Dados+e+Machine+Learning/Bases de dados/house_prices.csv,Estatistica_DS,Estatística,,Estatística+para+Ciência+de+Dados+e+Machine+Learning\Bases de dados,house_prices.csv,.csv,dado,2515205,09648759ed8244756816af53e9445565c2b26b2d03fae88474836bdee524eab9
Estatistica_DS/Estatística+para+Ciência+de+Dados+e+Machine+Learning/Bases de dados/resultados_rank_nemenyi.csv,Estatistica_DS,Estatística,,Estatística+para+Ciência+de+Dados+e+Machine+Learning\Bases de dados,resultados_rank_nemenyi.csv,.csv,dado,248,629026875397e5633400763c7672590f587c3dab30192eb9927c22c020317964
Estatistica_DS/Estatística+para+Ciência+de+Dados+e+Machine+Learning/Bases de dados/T-Table.xlsx,Estatistica_DS,Estatística,,Estatística+para+Ciência+de+Dados+e+Machine+Learning\Bases de dados,T-Table.xlsx,.xlsx,dado,12267,3768922b509572e78854dd68d86d4e3f8723f32d8bc71cdcefc14fc49ad03851
Estatistica_DS/Estatística+para+Ciência+de+Dados+e+Machine+Learning/Bases de dados/Tabela da Qui-quadrado.pdf,Estatistica_DS,Estatística,,Estatística+para+Ciência+de+Dados+e+Machine+Learning\Bases de dados,Tabela da Qui-quadrado.pdf,.pdf,conteudo,41512,420b6856fabbc8803fc86602ea2a93f817345f352fe6b1480c0a1913d00c3b75
Estatistica_DS/Estatística+para+Ciência+de+Dados+e+Machine+Learning/Bases de dados/trip_d1_d2.csv,Estatistica_DS,Estatística,,Estatística+para+Ciência+de+Dados+e+Machine+Learning\Bases de dados,trip_d1_d2.csv,.csv,dado,455,a120d200da2980093ac1296576c5907188ca10f019a9f486550ac5988027ac3e
Estatistica_DS/Estatística+para+Ciência+de+Dados+e+Machine+Learning/Bases de dados/Z-Table.xls,Estatistica_DS,Estatística,,Estatística+para+Ciência+de+Dados+e+Machine+Learning\Bases de dados,Z-Table.xls,.xls,dado,64512,cd54a737f020f75c614c0f9e1ae68d42fc56adcc8903b5489e9ac5bf9880293f
Estatistica_DS/Estatística+para+Ciência+de+Dados+e+Machine+Learning/Slides/Estati╠üstica para Cie╠éncia de Dados.pdf,Estatistica_DS,Estatística,,Estatística+para+Ciência+de+Dados+e+Machine+Learning\Slides,Estati╠üstica para Cie╠éncia de Dados.pdf,.pdf,conteudo,38591033,2874ddbc2dc55ebef9a6ed86e92523b40987beacfff7164f8171e6d4e84c53fd
Estatistica_DS/Estatística+para+Ciência+de+Dados+e+Machine+Learning/Slides/Machine Learning e Data Science O Guia para Iniciantes.pdf,Estatistica_DS,Estatística,,Estatística+para+Ciência+de+Dados+e+Machine+Learning\Slides,Machine Learning e Data Science O Guia para Iniciantes.pdf,.pdf,conteudo,7133316,372e460c9fbaba3de9967f2e1e0d1c993668e9a2dd41640660d52fb8ddd8b72b
Estatistica_DS/Estatística+para+Ciência+de+Dados+e+Machine+Learning/Slides/Regressa╠âo.pdf,Estatistica_DS,Estatística,,Estatística+para+Ciência+de+Dados+e+Machine+Learning\Slides,Regressa╠âo.pdf,.pdf,conteudo,3134854,40cce7dff9b772cd6735ad1aed9cf7965b0bfdbc7c06a3588bb661c49f3a1b56
Estatistica_DS/Estatística+para+Ciência+de+Dados+e+Machine+Learning/Slides/SMC JONES.pdf,Estatistica_DS,Estatística,,Estatística+para+Ciência+de+Dados+e+Machine+Learning\Slides,SMC JONES.pdf,.pdf,conteudo,317164,7811c2d55da68081f825561d6f196b01783ac63dbc092816e3a1e4911c0d44c6
DataBriks2/00.Lendo Arquivos Databricks - Free Edition.ipynb,DataBriks2,Databricks,Módulo 1,,00.Lendo Arquivos Databricks - Free Edition.ipynb,.ipynb,conteudo,1812426,fdefd7cabd1d950117fa9c2743ad03856b0ae0f2d647bf82c4d4c08e543defce
DataBriks2/01.Criando Volume.sql,DataBriks2,Databricks,Módulo 1,,01.Criando Volume.sql,.sql,conteudo,1063,7c144f91a1cabe1cff3950d9783c44629539ac8bc7957823dff6d0b77942de18
DataBriks2/01.Transformando Arquivos em Tabelas Free- Edition.ipynb,DataBriks2,Databricks,Módulo 1,,01.Transformando Arquivos em Tabelas Free- Edition.ipynb,.ipynb,conteudo,123983,03d410040892d10de008ed414e7d2d4792a6fffec8f6e0ed2927f587b8981f95
DataBriks2/02. Criando Tabelas Via Comando SQL - Atualizado.ipynb,DataBriks2,Databricks,Módulo 1,,02. Criando Tabelas Via Comando SQL - Atualizado.ipynb,.ipynb,conteudo,938046,efd3495799102526915bbf490a6253be2c38f1f6f82f3204db8837396c6d2b99
DataBriks2/03.Ativar External Location -  Unity Catalog no Azure Databricks.ipynb,DataBriks2,Databricks,Módulo 1,,03.Ativar External Location -  Unity Catalog no Azure Databricks.ipynb,.ipynb,conteudo,7887,0e54aaed31c8d5a28358b81ede83712865c366fe688800a83b594aa5bc18bc88
DataBriks2/03.Unity Catalog.ipynb,DataBriks2,Databricks,Módulo 1,,03.Unity Catalog.ipynb,.ipynb,conteudo,154968,9af7e16f63bab05f08d7167d195f5a6f533905af9398b86688144922934eea3c
DataBriks2/04. Arquivos CSV.ipynb,DataBriks2,Databricks,Módulo 1,,04. Arquivos CSV.ipynb,.ipynb,conteudo,13589,abbaf213977290d13179041683e4b031ec3c2a89e831835059c918539f8e740c
DataBriks2/04.Arquitetura de projeto.ipynb,DataBriks2,Databricks,Módulo 1,,04.Arquitetura de projeto.ipynb,.ipynb,conteudo,19400,3eeccf0d6a156472f6ba9c444f10a36de738d4e80d3500d1650c59d3df9045d3
DataBriks2/07. Arquivo Parquet Particionamento.ipynb,DataBriks2,Databricks,Módulo 1,,07. Arquivo Parquet Particionamento.ipynb,.ipynb,conteudo,11889,9714c5a5005f1fd266875e05bf0d61632421886f5e124d3a7bdd16de9597e53a
DataBriks2/Anac/V_OCORRENCIA_AMPLA.csv,DataBriks2,Databricks,Módulo 1,Anac,V_OCORRENCIA_AMPLA.csv,.csv,dado,9869805,8e72addbbfe801494f0160db8c77ba15b76cb2510e75a7915e1413e3d1068082
DataBriks2/Anac/V_OCORRENCIA_AMPLA.json,DataBriks2,Databricks,Módulo 1,Anac,V_OCORRENCIA_AMPLA.json,.json,dado,20436383,e72cfea8c28dc3d27a7b2cf8e83518f1c3ac1e603669115b8be056716c433a1b
DataBriks2/arquivos_csv/Clientes.csv,DataBriks2,Databricks,Módulo 1,arquivos_csv,Clientes.csv,.csv,dado,12356,b131204bece040db077a033f6df772927e3afc7077a25d687c974ea02602f723
DataBriks2/Bike Store/brands.csv,DataBriks2,Databricks,Módulo 1,Bike Store,brands.csv,.csv,dado,120,d259593f655c76850ae121cea7010e2802f847daabc08080d1e00793fddbbc2e
DataBriks2/Bike Store/categories.csv,DataBriks2,Databricks,Módulo 1,Bike Store,categories.csv,.csv,dado,162,c5584d686e910e7709d474223c1db562426b32bd57e9780a21241e1870e2f7bc
DataBriks2/Bike Store/customers.csv,DataBriks2,Databricks,Módulo 1,Bike Store,customers.csv,.csv,dado,127671,e1431dec458bbebed6d778134a837caa37b142cc80f5e0ab8dceff4737532e6d
DataBriks2/Bike Store/orders.csv,DataBriks2,Databricks,Módulo 1,Bike Store,orders.csv,.csv,dado,77286,5b9c0c9468a57e3c2d3d11e6d94a6c4036c0922793f64e20090dee54aa6d9dee
DataBriks2/Bike Store/order_items.csv,DataBriks2,Databricks,Módulo 1,Bike Store,order_items.csv,.csv,dado,112937,5df5c49ea195fd18a2c03d9f153e16594b41ab2bad4186f93835bbb1509b4381
DataBriks2/Bike Store/products.csv,DataBriks2,Databricks,Módulo 1,Bike Store,products.csv,.csv,dado,17390,112630ab4c07f6c8220bef31de3d0e71138d4f006605e28beeb72acc78d11458
DataBriks2/Bike Store/schema.png,DataBriks2,Databricks,Módulo 1,Bike Store,schema.png,.png,dado,12013,707ddfac6c8846102f66b3d64d40cc8cad448c353d5b33e43284f316835d2fb1
DataBriks2/Bike Store/staffs.csv,DataBriks2,Databricks,Módulo 1,Bike Store,staffs.csv,.csv,dado,726,0670781a1aff34b723362577a68cf761fbe7e36d0283508c5392c5be57b3f81c
DataBriks2/Bike Store/stocks.csv,DataBriks2,Databricks,Módulo 1,Bike Store,stocks.csv,.csv,dado,8773,337d4b486c3c65aeda9a1e5070ee437778919789d134365130a81d98154f7d67
DataBriks2/Bike Store/stores.csv,DataBriks2,Databricks,Módulo 1,Bike Store,stores.csv,.csv,dado,330,394b5f1f8752fe6fb75d2246450f27013a31ddd7040287abcc51b9ca9e7ae8ad
DataBriks2/Scripts dbc/Scripts.dbc,DataBriks2,Databricks,Módulo 1,Scripts dbc,Scripts.dbc,.dbc,dado,6580346,38a99cb2ff94af54088bfdbd166d6d1781e03de2f6d492d6eb3f9f1624932220
DataBriks2/Scripts MiniProjeto Azure/1. Referecia Databricks Azure.ipynb,DataBriks2,Databricks,Módulo 1,Scripts MiniProjeto Azure,1. Referecia Databricks Azure.ipynb,.ipynb,conteudo,2636,6a4a3f6188eedd30ec0f1b79dec9b63bb9abfc4c0d43415082239c2f03e3da97
DataBriks2/Scripts MiniProjeto Azure/2. Acesso Data Lake Storage Gen2.ipynb,DataBriks2,Databricks,Módulo 1,Scripts MiniProjeto Azure,2. Acesso Data Lake Storage Gen2.ipynb,.ipynb,conteudo,4229,bc71e636fc9a22292dce1f521f9cb93c2d25aea5b119abcc54bd3e385e232b84
DataBriks2/Scripts MiniProjeto Azure/4. Anac - Camada Silver (Refaturado).ipynb,DataBriks2,Databricks,Módulo 1,Scripts MiniProjeto Azure,4. Anac - Camada Silver (Refaturado).ipynb,.ipynb,conteudo,3524,3e615cb022a40f7e57ee5170d44b09fa3f1766bedfab585e922acf7a34dee7aa
DataBriks2/Scripts MiniProjeto Azure/4. Anac - Camada Silver - Copia.ipynb,DataBriks2,Databricks,Módulo 1,Scripts MiniProjeto Azure,4. Anac - Camada Silver - Copia.ipynb,.ipynb,conteudo,8236,8826dd3b62d54a7518c7993db8c242836dfaebec1bb68b43f83c0be8137e52b5
DataBriks2/Scripts MiniProjeto Azure/5. Anac - Camada Gold (Refaturado).ipynb,DataBriks2,Databricks,Módulo 1,Scripts MiniProjeto Azure,5. Anac - Camada Gold (Refaturado).ipynb,.ipynb,conteudo,5689,be4b526aea52c6226442167cffa62fad52c4cf5c0ac82ae7b37357378f6e880a
DataBriks2/Scripts MiniProjeto Azure/5. Anac - Camada Gold.ipynb,DataBriks2,Databricks,Módulo 1,Scripts MiniProjeto Azure,5. Anac - Camada Gold.ipynb,.ipynb,conteudo,10314,8fc4b0f804e2801c6698b71dcf6b57b3991b02700b5cc27be82b976c4ebe14e4
DataBriks2/Scripts Separados/01.Primeiros comandos.ipynb,DataBriks2,Databricks,Módulo 1,Scripts Separados,01.Primeiros comandos.ipynb,.ipynb,conteudo,38361,4262a9c982deedfa1dcacad66e2388b0eaed43f3e6504d11aed4b97ba02506b7
DataBriks2/Scripts Separados/02. Criando Tabelas Via Comando SQL.ipynb,DataBriks2,Databricks,Módulo 1,Scripts Separados,02. Criando Tabelas Via Comando SQL.ipynb,.ipynb,conteudo,11327,568195fc48423d566aa652e4d56d4275496992b89b41e86805314f3820bc3756
DataBriks2/Scripts Separados/03. Transformado Consulta de Tabela SQL em DataFlame.ipynb,DataBriks2,Databricks,Módulo 1,Scripts Separados,03. Transformado Consulta de Tabela SQL em DataFlame.ipynb,.ipynb,conteudo,1802744,e9fc1f8c48bd515e5443e6607caf3fe0f89e9af9b44549376bb1be4f093c8e39
DataBriks2/Scripts Separados/04. Arquivos CSV.ipynb,DataBriks2,Databricks,Módulo 1,Scripts Separados,04. Arquivos CSV.ipynb,.ipynb,conteudo,13589,abbaf213977290d13179041683e4b031ec3c2a89e831835059c918539f8e740c
DataBriks2/Scripts Separados/04.Arquivos CSV.ipynb,DataBriks2,Databricks,Módulo 1,Scripts Separados,04.Arquivos CSV.ipynb,.ipynb,conteudo,23593700,97db6753941268eff0d6df76b2aa316caffe42ba3458acbc82e5cea19c3386d1
DataBriks2/Scripts Separados/05. Arquivos Json.ipynb,DataBriks2,Databricks,Módulo 1,Scripts Separados,05. Arquivos Json.ipynb,.ipynb,conteudo,6334,9b0a6004891a656e73deea3fc97f4374bd6a7899570a4649afac7f73bde73758
DataBriks2/Scripts Separados/06. Arquivo Parquet.ipynb,DataBriks2,Databricks,Módulo 1,Scripts Separados,06. Arquivo Parquet.ipynb,.ipynb,conteudo,11036,d672a79dd69fe5773fbfd2a8fa55d163e3345699a0a94cff10c4531ba30d5a24
DataBriks2/Scripts Separados/07. Arquivo Parquet Particionamento.ipynb,DataBriks2,Databricks,Módulo 1,Scripts Separados,07. Arquivo Parquet Particionamento.ipynb,.ipynb,conteudo,11889,9714c5a5005f1fd266875e05bf0d61632421886f5e124d3a7bdd16de9597e53a
DataBriks2/Scripts Separados/08. Sistema interno de Arquivo.ipynb,DataBriks2,Databricks,Módulo 1,Scripts Separados,08. Sistema interno de Arquivo.ipynb,.ipynb,conteudo,15522,b24b26451cb5b9cffea1093e62ad541ac5aee266c99ed820a071b79b1296c00b
DataBriks2/Scripts Separados/09. Conectando Databricks com Power BI.ipynb,DataBriks2,Databricks,Módulo 1,Scripts Separados,09. Conectando Databricks com Power BI.ipynb,.ipynb,conteudo,21261,a8d8d30d08ebdcf0833b1bb0e00923591f5097c362fa6895e0131c0896a9663c
DataBriks2/Scripts Separados/10. Filtro de Dados no Databricks.ipynb,DataBriks2,Databricks,Módulo 1,Scripts Separados,10. Filtro de Dados no Databricks.ipynb,.ipynb,conteudo,6084075,0f0a716a5b7334cf1298c6622dbabbf8304cb0609fa440ffad10237f9d21b845
DataBriks2/Scripts Separados/11. Manipulação de Colunas.ipynb,DataBriks2,Databricks,Módulo 1,Scripts Separados,11. Manipulação de Colunas.ipynb,.ipynb,conteudo,33641,a6cb896895a3822a9bfa67a47b95d465120cca6f457766a7ab32b0a4bee872dd
DataBriks2/Scripts Separados/12. Conversão de Dados.ipynb,DataBriks2,Databricks,Módulo 1,Scripts Separados,12. Conversão de Dados.ipynb,.ipynb,conteudo,41955,496c9daf1e8578f8180ed5b9a47951e24ebb77785293495f68280cc1f861b040
DataBriks2/Scripts Separados/13. Tratando Dados nulos.ipynb,DataBriks2,Databricks,Módulo 1,Scripts Separados,13. Tratando Dados nulos.ipynb,.ipynb,conteudo,6056451,a3246ff1f18c5e956874cfe692fdbaca244033955a541a62e78712b16188c3a9
DataBriks2/Scripts Separados/14. Funções de agregações.ipynb,DataBriks2,Databricks,Módulo 1,Scripts Separados,14. Funções de agregações.ipynb,.ipynb,conteudo,1388104,b01ba8a39bb51c93c491b2b40b9acdfb7bfe068b28a96d618e6b999a09e0d3ec
DataBriks2/Scripts Separados/15. Delta Lake Transações e Controle de dados.ipynb,DataBriks2,Databricks,Módulo 1,Scripts Separados,15. Delta Lake Transações e Controle de dados.ipynb,.ipynb,conteudo,1488221,c23dcab1b0a329f8891639c0fd13540e0480025b59aa3b07e1e9caa75134fcb7
DataBriks2/Arquivos Dowload/Anac/V_OCORRENCIA_AMPLA.csv,DataBriks2,Databricks,Módulo 1,Arquivos Dowload\Anac,V_OCORRENCIA_AMPLA.csv,.csv,dado,9869805,8e72addbbfe801494f0160db8c77ba15b76cb2510e75a7915e1413e3d1068082
DataBriks2/Arquivos Dowload/Anac/V_OCORRENCIA_AMPLA.json,DataBriks2,Databricks,Módulo 1,Arquivos Dowload\Anac,V_OCORRENCIA_AMPLA.json,.json,dado,20436383,e72cfea8c28dc3d27a7b2cf8e83518f1c3ac1e603669115b8be056716c433a1b
DataBriks2/Arquivos Dowload/arquivos_csv/Clientes.csv,DataBriks2,Databricks,Módulo 1,Arquivos Dowload\arquivos_csv,Clientes.csv,.csv,dado,12356,b131204bece040db077a033f6df772927e3afc7077a25d687c974ea02602f723
DataBriks2/Arquivos Dowload/Bike Store/brands.csv,DataBriks2,Databricks,Módulo 1,Arquivos Dowload\Bike Store,brands.csv,.csv,dado,120,d259593f655c76850ae121cea7010e2802f847daabc08080d1e00793fddbbc2e
DataBriks2/Arquivos Dowload/Bike Store/categories.csv,DataBriks2,Databricks,Módulo 1,Arquivos Dowload\Bike Store,categories.csv,.csv,dado,162,c5584d686e910e7709d474223c1db562426b32bd57e9780a21241e1870e2f7bc
DataBriks2/Arquivos Dowload/Bike Store/customers.csv,DataBriks2,Databricks,Módulo 1,Arquivos Dowload\Bike Store,customers.csv,.csv,dado,127671,e1431dec458bbebed6d778134a837caa37b142cc80f5e0ab8dceff4737532e6d
DataBriks2/Arquivos Dowload/Bike Store/orders.csv,DataBriks2,Databricks,Módulo 1,Arquivos Dowload\Bike Store,orders.csv,.csv,dado,77286,5b9c0c9468a57e3c2d3d11e6d94a6c4036c0922793f64e20090dee54aa6d9dee
DataBriks2/Arquivos Dowload/Bike Store/order_items.csv,DataBriks2,Databricks,Módulo 1,Arquivos Dowload\Bike Store,order_items.csv,.csv,dado,112937,5df5c49ea195fd18a2c03d9f153e16594b41ab2bad4186f93835bbb1509b4381
DataBriks2/Arquivos Dowload/Bike Store/products.csv,DataBriks2,Databricks,Módulo 1,Arquivos Dowload\Bike Store,products.csv,.csv,dado,17390,112630ab4c07f6c8220bef31de3d0e71138d4f006605e28beeb72acc78d11458
DataBriks2/Arquivos Dowload/Bike Store/schema.png,DataBriks2,Databricks,Módulo 1,Arquivos Dowload\Bike Store,schema.png,.png,dado,12013,707ddfac6c8846102f66b3d64d40cc8cad448c353d5b33e43284f316835d2fb1
DataBriks2/Arquivos Dowload/Bike Store/staffs.csv,DataBriks2,Databricks,Módulo 1,Arquivos Dowload\Bike Store,staffs.csv,.csv,dado,726,0670781a1aff34b723362577a68cf761fbe7e36d0283508c5392c5be57b3f81c
DataBriks2/Arquivos Dowload/Bike Store/stocks.csv,DataBriks2,Databricks,Módulo 1,Arquivos Dowload\Bike Store,stocks.csv,.csv,dado,8773,337d4b486c3c65aeda9a1e5070ee437778919789d134365130a81d98154f7d67
DataBriks2/Arquivos Dowload/Bike Store/stores.csv,DataBriks2,Databricks,Módulo 1,Arquivos Dowload\Bike Store,stores.csv,.csv,dado,330,394b5f1f8752fe6fb75d2246450f27013a31ddd7040287abcc51b9ca9e7ae8ad
DataBriks2/Arquivos Dowload/Scripts dbc/Scripts.dbc,DataBriks2,Databricks,Módulo 1,Arquivos Dowload\Scripts dbc,Scripts.dbc,.dbc,dado,6580346,38a99cb2ff94af54088bfdbd166d6d1781e03de2f6d492d6eb3f9f1624932220
DataBriks2/Arquivos Dowload/Scripts Separados/01.Primeiros comandos.ipynb,DataBriks2,Databricks,Módulo 1,Arquivos Dowload\Scripts Separados,01.Primeiros comandos.ipynb,.ipynb,conteudo,38361,4262a9c982deedfa1dcacad66e2388b0eaed43f3e6504d11aed4b97ba02506b7
DataBriks2/Arquivos Dowload/Scripts Separados/02. Criando Tabelas Via Comando SQL.ipynb,DataBriks2,Databricks,Módulo 1,Arquivos Dowload\Scripts Separados,02. Criando Tabelas Via Comando SQL.ipynb,.ipynb,conteudo,11327,568195fc48423d566aa652e4d56d4275496992b89b41e86805314f3820bc3756
DataBriks2/Arquivos Dowload/Scripts Separados/03. Transformado Consulta de Tabela SQL em DataFlame.ipynb,DataBriks2,Databricks,Módulo 1,Arquivos Dowload\Scripts Separados,03. Transformado Consulta de Tabela SQL em DataFlame.ipynb,.ipynb,conteudo,1802744,e9fc1f8c48bd515e5443e6607caf3fe0f89e9af9b44549376bb1be4f093c8e39
DataBriks2/Arquivos Dowload/Scripts Separados/04. Arquivos CSV.ipynb,DataBriks2,Databricks,Módulo 1,Arquivos Dowload\Scripts Separados,04. Arquivos CSV.ipynb,.ipynb,conteudo,13589,abbaf213977290d13179041683e4b031ec3c2a89e831835059c918539f8e740c
DataBriks2/Arquivos Dowload/Scripts Separados/04.Arquivos CSV.ipynb,DataBriks2,Databricks,Módulo 1,Arquivos Dowload\Scripts Separados,04.Arquivos CSV.ipynb,.ipynb,conteudo,23593700,97db6753941268eff0d6df76b2aa316caffe42ba3458acbc82e5cea19c3386d1
DataBriks2/Arquivos Dowload/Scripts Separados/05. Arquivos Json.ipynb,DataBriks2,Databricks,Módulo 1,Arquivos Dowload\Scripts Separados,05. Arquivos Json.ipynb,.ipynb,conteudo,6334,9b0a6004891a656e73deea3fc97f4374bd6a7899570a4649afac7f73bde73758
DataBriks2/Arquivos Dowload/Scripts Separados/06. Arquivo Parquet.ipynb,DataBriks2,Databricks,Módulo 1,Arquivos Dowload\Scripts Separados,06. Arquivo Parquet.ipynb,.ipynb,conteudo,11036,d672a79dd69fe5773fbfd2a8fa55d163e3345699a0a94cff10c4531ba30d5a24
DataBriks2/Arquivos Dowload/Scripts Separados/07. Arquivo Parquet Particionamento.ipynb,DataBriks2,Databricks,Módulo 1,Arquivos Dowload\Scripts Separados,07. Arquivo Parquet Particionamento.ipynb,.ipynb,conteudo,11889,9714c5a5005f1fd266875e05bf0d61632421886f5e124d3a7bdd16de9597e53a
DataBriks2/Arquivos Dowload/Scripts Separados/08. Sistema interno de Arquivo.ipynb,DataBriks2,Databricks,Módulo 1,Arquivos Dowload\Scripts Separados,08. Sistema interno de Arquivo.ipynb,.ipynb,conteudo,15522,b24b26451cb5b9cffea1093e62ad541ac5aee266c99ed820a071b79b1296c00b
DataBriks2/Arquivos Dowload/Scripts Separados/09. Conectando Databricks com Power BI.ipynb,DataBriks2,Databricks,Módulo 1,Arquivos Dowload\Scripts Separados,09. Conectando Databricks com Power BI.ipynb,.ipynb,conteudo,21261,a8d8d30d08ebdcf0833b1bb0e00923591f5097c362fa6895e0131c0896a9663c
DataBriks2/Arquivos Dowload/Scripts Separados/10. Filtro de Dados no Databricks.ipynb,DataBriks2,Databricks,Módulo 1,Arquivos Dowload\Scripts Separados,10. Filtro de Dados no Databricks.ipynb,.ipynb,conteudo,6084075,0f0a716a5b7334cf1298c6622dbabbf8304cb0609fa440ffad10237f9d21b845
DataBriks2/Arquivos Dowload/Scripts Separados/11. Manipulação de Colunas.ipynb,DataBriks2,Databricks,Módulo 1,Arquivos Dowload\Scripts Separados,11. Manipulação de Colunas.ipynb,.ipynb,conteudo,33641,a6cb896895a3822a9bfa67a47b95d465120cca6f457766a7ab32b0a4bee872dd
DataBriks2/Arquivos Dowload/Scripts Separados/12. Conversão de Dados.ipynb,DataBriks2,Databricks,Módulo 1,Arquivos Dowload\Scripts Separados,12. Conversão de Dados.ipynb,.ipynb,conteudo,41955,496c9daf1e8578f8180ed5b9a47951e24ebb77785293495f68280cc1f861b040
DataBriks2/Arquivos Dowload/Scripts Separados/13. Tratando Dados nulos.ipynb,DataBriks2,Databricks,Módulo 1,Arquivos Dowload\Scripts Separados,13. Tratando Dados nulos.ipynb,.ipynb,conteudo,6056451,a3246ff1f18c5e956874cfe692fdbaca244033955a541a62e78712b16188c3a9
DataBriks2/Arquivos Dowload/Scripts Separados/14. Funções de agregações.ipynb,DataBriks2,Databricks,Módulo 1,Arquivos Dowload\Scripts Separados,14. Funções de agregações.ipynb,.ipynb,conteudo,1388104,b01ba8a39bb51c93c491b2b40b9acdfb7bfe068b28a96d618e6b999a09e0d3ec
DataBriks2/Arquivos Dowload/Scripts Separados/15. Delta Lake Transações e Controle de dados.ipynb,DataBriks2,Databricks,Módulo 1,Arquivos Dowload\Scripts Separados,15. Delta Lake Transações e Controle de dados.ipynb,.ipynb,conteudo,1488221,c23dcab1b0a329f8891639c0fd13540e0480025b59aa3b07e1e9caa75134fcb7
DataBriks2/pipeline-anac-azure-databricks/pipeline-anac-azure-databricks/Notebooks -Produção/4. Anac - Camada Silver (Refaturado).py,DataBriks2,Databricks,Módulo 1,pipeline-anac-azure-databricks\pipeline-anac-azure-databricks\Notebooks -Produção,4. Anac - Camada Silver (Refaturado).py,.py,conteudo,1530,8ecee7792ce578e5a01bc4dda70551c222041a9170af039efefa17b3f1677acd
DataBriks2/pipeline-anac-azure-databricks/pipeline-anac-azure-databricks/Notebooks -Produção/5. Anac - Camada Gold (Refaturado).py,DataBriks2,Databricks,Módulo 1,pipeline-anac-azure-databricks\pipeline-anac-azure-databricks\Notebooks -Produção,5. Anac - Camada Gold (Refaturado).py,.py,conteudo,2719,9630c6ee5997733c2d82b9006e7da9dd1ab8709a52076f37f3097d521d4e8867
DataBriks2/pipeline-anac-azure-databricks/pipeline-anac-azure-databricks/Scripts - Aulas/1. Referecia Databricks Azure.py,DataBriks2,Databricks,Módulo 1,pipeline-anac-azure-databricks\pipeline-anac-azure-databricks\Scripts - Aulas,1. Referecia Databricks Azure.py,.py,conteudo,2046,247f2188b002d4bca0c529a8094bf897df9927c708d10580c6968414b0536830
DataBriks2/pipeline-anac-azure-databricks/pipeline-anac-azure-databricks/Scripts - Aulas/2. Acesso Data Lake Storage Gen2.py,DataBriks2,Databricks,Módulo 1,pipeline-anac-azure-databricks\pipeline-anac-azure-databricks\Scripts - Aulas,2. Acesso Data Lake Storage Gen2.py,.py,conteudo,2132,dc80438c2a253ce9e908999c8d15408d91f86794fd6458894127c24d89265b59
DataBriks2/pipeline-anac-azure-databricks/pipeline-anac-azure-databricks/Scripts - Aulas/3. Anac - Camada Silver.py,DataBriks2,Databricks,Módulo 1,pipeline-anac-azure-databricks\pipeline-anac-azure-databricks\Scripts - Aulas,3. Anac - Camada Silver.py,.py,conteudo,2839,86c2f08d07bd23b54170644f484376a0cd2dbf6adf3971686e17431e2faa74df
DataBriks2/pipeline-anac-azure-databricks/pipeline-anac-azure-databricks/Scripts - Aulas/5. Anac - Camada Gold.py,DataBriks2,Databricks,Módulo 1,pipeline-anac-azure-databricks\pipeline-anac-azure-databricks\Scripts - Aulas,5. Anac - Camada Gold.py,.py,conteudo,3785,979cc4b80c9228a8869e4584751813751d419283df5294afa5effb4b6f269d7b
Databriks_Udemy/Certificado DataBriks com PySpark.pdf,Databriks_Udemy,Databricks,Módulo 2,,Certificado DataBriks com PySpark.pdf,.pdf,conteudo,214077,b064de3473db7395c1b20699153420d0e3e460e00572a95d3cf9d927cc03bb4f
Databriks_Udemy/Download/1.Introdução/1.Apresentação.pdf,Databriks_Udemy,Databricks,Módulo 2,Download\1.Introdução,1.Apresentação.pdf,.pdf,conteudo,460155,d3b72dd354d424682fbb5cc441d7a41c08ee8042d191d0493af6b700571a11f6
Databriks_Udemy/Download/1.Introdução/2.O que é  Databricks.pdf,Databriks_Udemy,Databricks,Módulo 2,Download\1.Introdução,2.O que é  Databricks.pdf,.pdf,conteudo,661510,c9308e955b3a16d145f5f54c18e3dd8a6289734e0e80d18d9cd407417b7e0de9
"Databriks_Udemy/Download/2.Datawarehouse, Datalake e Delta Lake/1.1.Datawarehouse  Datalake e Delta Lake.pdf",Databriks_Udemy,Databricks,Módulo 2,"Download\2.Datawarehouse, Datalake e Delta Lake",1.1.Datawarehouse  Datalake e Delta Lake.pdf,.pdf,conteudo,578017,11f8a5302af39444ee74fd52976b1f5d45d6659158d043fc01ad3090e7336949
"Databriks_Udemy/Download/2.Datawarehouse, Datalake e Delta Lake/1.2.Formatos de Big Data.pdf",Databriks_Udemy,Databricks,Módulo 2,"Download\2.Datawarehouse, Datalake e Delta Lake",1.2.Formatos de Big Data.pdf,.pdf,conteudo,768206,ed62b2ed124f9a7e4e23d01ef193a92db245d46efecb7530b0f10e85079acf68
"Databriks_Udemy/Download/2.Datawarehouse, Datalake e Delta Lake/1.3.Linhas vs Colunas.pdf",Databriks_Udemy,Databricks,Módulo 2,"Download\2.Datawarehouse, Datalake e Delta Lake",1.3.Linhas vs Colunas.pdf,.pdf,conteudo,628935,2c9a7da195eee4cdaddf2ff8d5070cb9d5e0465cd53a2b9cf7bd9d2eae11ec1e
"Databriks_Udemy/Download/2.Datawarehouse, Datalake e Delta Lake/1.4.Sistemas de Arquivos.pdf",Databriks_Udemy,Databricks,Módulo 2,"Download\2.Datawarehouse, Datalake e Delta Lake",1.4.Sistemas de Arquivos.pdf,.pdf,conteudo,954841,4a1a40761eda5282e612b428a628a5c81a08132a3998596e1fb12f4e83cd5cfb
Databriks_Udemy/Download/3.Introdução ao Spark/1.Introdução ao Spark.pdf,Databriks_Udemy,Databricks,Módulo 2,Download\3.Introdução ao Spark,1.Introdução ao Spark.pdf,.pdf,conteudo,743765,bc8f6f81540dfbaec56e80510ab2ece52511bad207eea13c9a12e045798fec58
Databriks_Udemy/Download/3.Introdução ao Spark/2.DataFrame.pdf,Databriks_Udemy,Databricks,Módulo 2,Download\3.Introdução ao Spark,2.DataFrame.pdf,.pdf,conteudo,502617,ba9b19987e85b85374294849f466e5136a697f3d27321634ec14eeaeeac38503
Databriks_Udemy/Download/3.Introdução ao Spark/3.Particionamento e Bucketing.pdf,Databriks_Udemy,Databricks,Módulo 2,Download\3.Introdução ao Spark,3.Particionamento e Bucketing.pdf,.pdf,conteudo,953325,58718e793a796cd63cbf69de73b54f3e78cd48b64537f9f26fc700fa800652b7
Databriks_Udemy/Download/3.Introdução ao Spark/4.Arquitetura e Componentes.pdf,Databriks_Udemy,Databricks,Módulo 2,Download\3.Introdução ao Spark,4.Arquitetura e Componentes.pdf,.pdf,conteudo,1200946,8385075bc5e53e2a75f10e6ae1fdd9b1adaf565b0f5ffd3d3bf4187fe98fa5bd
Databriks_Udemy/Download/3.Introdução ao Spark/5.Context e Session.pdf,Databriks_Udemy,Databricks,Módulo 2,Download\3.Introdução ao Spark,5.Context e Session.pdf,.pdf,conteudo,301461,39cdbb335d270eb6113cfc8ceac7bf9580e042972623ab1f196a2ed2779f0287
Databriks_Udemy/Download/4.Conhecendo Databricks e  Criando Clusters/1.ConhecendoDataBricks.pdf,Databriks_Udemy,Databricks,Módulo 2,Download\4.Conhecendo Databricks e  Criando Clusters,1.ConhecendoDataBricks.pdf,.pdf,conteudo,550825,5731421b55f9e397b6abeb7f0743f7889623eb629bda5bb4a87f252aea7844a9
Databriks_Udemy/Download/5.Utilizando Data Frames e Delta Lake/5.Formato Delta e Delta Lake.pdf,Databriks_Udemy,Databricks,Módulo 2,Download\5.Utilizando Data Frames e Delta Lake,5.Formato Delta e Delta Lake.pdf,.pdf,conteudo,137367,381b2421d59296f8ab9f3483f8082a69efbbe82e4ce12bbbc7779f189d78b0b5
"Databriks_Udemy/Download/5.Utilizando Data Frames e Delta Lake/6.Arquivos, Dataframes, Tabelas.pdf",Databriks_Udemy,Databricks,Módulo 2,Download\5.Utilizando Data Frames e Delta Lake,"6.Arquivos, Dataframes, Tabelas.pdf",.pdf,conteudo,920155,ef909987ac3fbed348467f254a4fa3313669a06f3b258b96dc1f09403bb6667d
Databriks_Udemy/Download/5.Utilizando Data Frames e Delta Lake/DataFrame1.ipynb,Databriks_Udemy,Databricks,Módulo 2,Download\5.Utilizando Data Frames e Delta Lake,DataFrame1.ipynb,.ipynb,conteudo,9645,d1b107901c0e24c27e1e43cb5a3e1f588917b04eb44287226bd44658a8f8ffc1
Databriks_Udemy/Download/5.Utilizando Data Frames e Delta Lake/Dataframes2.ipynb,Databriks_Udemy,Databricks,Módulo 2,Download\5.Utilizando Data Frames e Delta Lake,Dataframes2.ipynb,.ipynb,conteudo,29524,bd057cb7f691bb87f65b2f5b91fc34c704344f58384b36b71e052f5f6af31c6a
Databriks_Udemy/Download/5.Utilizando Data Frames e Delta Lake/Deltalake1.ipynb,Databriks_Udemy,Databricks,Módulo 2,Download\5.Utilizando Data Frames e Delta Lake,Deltalake1.ipynb,.ipynb,conteudo,37619,adbb5d13d07417b8bc636f9706f2234154b6e7d63df13943e2428de92ea507bc
Databriks_Udemy/Download/5.Utilizando Data Frames e Delta Lake/Deltalake2.ipynb,Databriks_Udemy,Databricks,Módulo 2,Download\5.Utilizando Data Frames e Delta Lake,Deltalake2.ipynb,.ipynb,conteudo,6378,93461ec8478a6b386171f01f4f3bb6402ed35c69f6263ca8dfc4882e74e67371
Databriks_Udemy/Download/5.Utilizando Data Frames e Delta Lake/Deltalake3.ipynb,Databriks_Udemy,Databricks,Módulo 2,Download\5.Utilizando Data Frames e Delta Lake,Deltalake3.ipynb,.ipynb,conteudo,9374,707b3357c82415fc8c99c59df51a86a523204326004c204d67a885d2a1e55724
Databriks_Udemy/Download/5.Utilizando Data Frames e Delta Lake/Partition.ipynb,Databriks_Udemy,Databricks,Módulo 2,Download\5.Utilizando Data Frames e Delta Lake,Partition.ipynb,.ipynb,conteudo,4828273,98ef391af40cff2f297d62cd2c09e07c48be0bc153dee889bd846fd49e954180
Databriks_Udemy/Download/5.Utilizando Data Frames e Delta Lake/sql_dataframes.ipynb,Databriks_Udemy,Databricks,Módulo 2,Download\5.Utilizando Data Frames e Delta Lake,sql_dataframes.ipynb,.ipynb,conteudo,31990,51764501a7764b94347d7580a4603f1048b23e660a8448d58af66d6bae142786
Databriks_Udemy/Download/6.Gráficos e Dashboards/Churn.pdf,Databriks_Udemy,Databricks,Módulo 2,Download\6.Gráficos e Dashboards,Churn.pdf,.pdf,conteudo,893152,ae882aa7d60503e5b279a1cb3ed1eaf4e855b93ed41ccc65e702e2d68650ec26
Databriks_Udemy/Download/7.Pyspark.Pandas/pyspark.pandas - Koalas.ipynb,Databriks_Udemy,Databricks,Módulo 2,Download\7.Pyspark.Pandas,pyspark.pandas - Koalas.ipynb,.ipynb,conteudo,33263,9ec2f10f7a8ae311012976d58265e1e0e97f5a7e28d6f74e3b709361289516da
Databriks_Udemy/Download/8.Construindo Delta Lake/Build_DeltaLake.ipynb,Databriks_Udemy,Databricks,Módulo 2,Download\8.Construindo Delta Lake,Build_DeltaLake.ipynb,.ipynb,conteudo,22908,f169c1505fa576ebf08a483b267ae0008be23845727f40a802d49efb1353cc83
Databriks_Udemy/Download/8.Construindo Delta Lake/categories.csv,Databriks_Udemy,Databricks,Módulo 2,Download\8.Construindo Delta Lake,categories.csv,.csv,dado,432,aa158c415b0f8dae3afaf9b44e246a4f54ecf9610de72e6820e384c23b599fd1
Databriks_Udemy/Download/8.Construindo Delta Lake/customers.csv,Databriks_Udemy,Databricks,Módulo 2,Download\8.Construindo Delta Lake,customers.csv,.csv,dado,12345,746488d03af3c122f21aba4cfdde3a63b1cc97a518c63d23c3b88323206c5ba4
Databriks_Udemy/Download/8.Construindo Delta Lake/employees.csv,Databriks_Udemy,Databricks,Módulo 2,Download\8.Construindo Delta Lake,employees.csv,.csv,dado,4593,41b10c1ca445952ea7018e42e7f9811add1a4b15983bd81cc41d531bd47c144c
Databriks_Udemy/Download/8.Construindo Delta Lake/orderdetails.csv,Databriks_Udemy,Databricks,Módulo 2,Download\8.Construindo Delta Lake,orderdetails.csv,.csv,dado,46804,063342c0d5c8d0f29167cd8a92de2647256bbe1bc855fb8ada37d258998ac95b
Databriks_Udemy/Download/8.Construindo Delta Lake/orders.csv,Databriks_Udemy,Databricks,Módulo 2,Download\8.Construindo Delta Lake,orders.csv,.csv,dado,136684,596e06aa5c69c144310c5511d78e8cf6b007678b0f78c947b7584a9da5f68c21
Databriks_Udemy/Download/8.Construindo Delta Lake/products.csv,Databriks_Udemy,Databricks,Módulo 2,Download\8.Construindo Delta Lake,products.csv,.csv,dado,4773,5f04ef67953776015e81c8814332a5dac90084f2553c780de9ac07389d9b49ce
Databriks_Udemy/Download/8.Construindo Delta Lake/shippers.csv,Databriks_Udemy,Databricks,Módulo 2,Download\8.Construindo Delta Lake,shippers.csv,.csv,dado,148,c990763fd3c2468ef5b8eaf87007b199cd980488b1fa2b8ce4032361726cd91b
Databriks_Udemy/Download/8.Construindo Delta Lake/suppliers.csv,Databriks_Udemy,Databricks,Módulo 2,Download\8.Construindo Delta Lake,suppliers.csv,.csv,dado,4642,331690db2ad247b4c84adbcfef1460349635bf6ea1908705769f0d19c81a363d
Databriks_Udemy/Download/9.Conectando ao DataLake com Python/Conexao.ipynb,Databriks_Udemy,Databricks,Módulo 2,Download\9.Conectando ao DataLake com Python,Conexao.ipynb,.ipynb,conteudo,26644,fe9cf62d9fe6f46c713183426fff1222eb08775457b260e34e5fd1713938ae3f
Databriks_Udemy/Download/dados/Carros.csv,Databriks_Udemy,Databricks,Módulo 2,Download\dados,Carros.csv,.csv,dado,1235,049c6a378d166bab190baae21785db57446827ff0bed2661f67d1feac28d2fa7
Databriks_Udemy/Download/dados/Churn.csv,Databriks_Udemy,Databricks,Módulo 2,Download\dados,Churn.csv,.csv,dado,455395,5a7c83709f150a8ca20bb20ec080b8f9a238ee67008c95e8d5e9b75ad255395d
Databriks_Udemy/Download/dados/despachantes.csv,Databriks_Udemy,Databricks,Módulo 2,Download\dados,despachantes.csv,.csv,dado,529,b9988868c26b31b4bbb539a2632fb3c45372dbe9b42a5656187371ad65363f13
Databriks_Udemy/Download/dados/iris.csv,Databriks_Udemy,Databricks,Módulo 2,Download\dados,iris.csv,.csv,dado,4753,69a2774d46b2c322afba26d54109f90ffeeac617b0f771a168d696e66059da6c
Databriks_Udemy/Download/dados/reclamacoes.csv,Databriks_Udemy,Databricks,Módulo 2,Download\dados,reclamacoes.csv,.csv,dado,112,09c3e76c460889bd983668c81227c0119a90d8a14e1594ae34e19432f61ae97e
Engenharia_PY/python-3.11.4-amd64/python-3.11.4-amd64.exe,Engenharia_PY,Engenharia de Dados,,python-3.11.4-amd64,python-3.11.4-amd64.exe,.exe,outro,25426160,47be821c0f1825d90fc40f83a3ee3d3a691a3e16c8e21ac0cd56371362aaad50
Engenharia_PY/SQL+Server+E-Commerce+formato+CSV/Categoria.csv,Engenharia_PY,Engenharia de Dados,,SQL+Server+E-Commerce+formato+CSV,Categoria.csv,.csv,dado,198,f34172635f91b7c76cba48c18a963893ad33239ff0f2133092747f4d7052710e
Engenharia_PY/SQL+Server+E-Commerce+formato+CSV/Clientes.csv,Engenharia_PY,Engenharia de Dados,,SQL+Server+E-Commerce+formato+CSV,Clientes.csv,.csv,dado,12353,163e3f4776809e64e24ab9c9400a1b646f0aea5f797fb00cdf4ef260684c565a
Engenharia_PY/SQL+Server+E-Commerce+formato+CSV/Ordens.csv,Engenharia_PY,Engenharia de Dados,,SQL+Server+E-Commerce+formato+CSV,Ordens.csv,.csv,dado,420236,011486be976fa7262242ded3db560875eccbbca3ae8d6c9bf54c7160cd4bcd38
Engenharia_PY/SQL+Server+E-Commerce+formato+CSV/Produto.csv,Engenharia_PY,Engenharia de Dados,,SQL+Server+E-Commerce+formato+CSV,Produto.csv,.csv,dado,1040,ed32695110c6f9c7003b0132b72eac39b68945ef4409acaaebf7c57572f8b753
Engenharia_PY/SQL+Server+E-Commerce+formato+CSV/Vendas.csv,Engenharia_PY,Engenharia de Dados,,SQL+Server+E-Commerce+formato+CSV,Vendas.csv,.csv,dado,1017001,4d34c45bb3a8a0eddac2e0d4668f5cf37776e94c2ea1a9eedaebbb47b4408c12
Engenharia_PY/01.+Postgree/01. Postgree/postgresql-16.1-1-windows-x64.exe,Engenharia_PY,Engenharia de Dados,,01.+Postgree\01. Postgree,postgresql-16.1-1-windows-x64.exe,.exe,outro,378784880,16eaa194fcb94d6aa856a14080892233058c6725744324fcbf436aea6585e931
Engenharia_PY/01.+Postgree/01. Postgree/Destino/Anac.csv,Engenharia_PY,Engenharia de Dados,,01.+Postgree\01. Postgree\Destino,Anac.csv,.csv,dado,527922,3a54ec4c8dcd1433a74b42a42fcbd0a9530a97cbe2318435a655603fb7d77414
Engenharia_PY/01.+Postgree/01. Postgree/Destino/Anac.json,Engenharia_PY,Engenharia de Dados,,01.+Postgree\01. Postgree\Destino,Anac.json,.json,dado,1608095,398cc00e5e4810cd21ac068ac0b1c11afa895aa2bf61afee516e4c2d83a23858
Engenharia_PY/01.+Postgree/01. Postgree/Destino/Anac.parquet,Engenharia_PY,Engenharia de Dados,,01.+Postgree\01. Postgree\Destino,Anac.parquet,.parquet,dado,134852,473edb9d25e70918fcf4f807e42c09b072f267458277831f165684b09dc46c3a
Engenharia_PY/01.+Postgree/01. Postgree/Destino/Anac.xlsx,Engenharia_PY,Engenharia de Dados,,01.+Postgree\01. Postgree\Destino,Anac.xlsx,.xlsx,dado,777111,fb17deb2c61b19eeb002e4831a5faf6e068b9b40b980040d862d1f0403788fd8
Engenharia_PY/01.+Postgree/01. Postgree/Origem de dados/V_OCORRENCIA_AMPLA.json,Engenharia_PY,Engenharia de Dados,,01.+Postgree\01. Postgree\Origem de dados,V_OCORRENCIA_AMPLA.json,.json,dado,21589596,2301eb04ff54e85a0a4d552224a6c067d74f51f65eed333376b3895ce7d95e81
Engenharia_PY/01.+Postgree/01. Postgree/Destino/Anac_particonado.parquet/regiao=Centro-Oeste/084c01fe9483436e8e4077572ccecbba-0.parquet,Engenharia_PY,Engenharia de Dados,,01.+Postgree\01. Postgree\Destino\Anac_particonado.parquet\regiao=Centro-Oeste,084c01fe9483436e8e4077572ccecbba-0.parquet,.parquet,dado,22098,f9f674dc12da31791b60694d201095ea6a58e51dcccc9383ccec3df08ce69031
Engenharia_PY/01.+Postgree/01. Postgree/Destino/Anac_particonado.parquet/regiao=Centro-Oeste/8cf514679546445b9f9b6187430be510-0.parquet,Engenharia_PY,Engenharia de Dados,,01.+Postgree\01. Postgree\Destino\Anac_particonado.parquet\regiao=Centro-Oeste,8cf514679546445b9f9b6187430be510-0.parquet,.parquet,dado,22098,f9f674dc12da31791b60694d201095ea6a58e51dcccc9383ccec3df08ce69031
Engenharia_PY/01.+Postgree/01. Postgree/Destino/Anac_particonado.parquet/regiao=Nordeste/084c01fe9483436e8e4077572ccecbba-0.parquet,Engenharia_PY,Engenharia de Dados,,01.+Postgree\01. Postgree\Destino\Anac_particonado.parquet\regiao=Nordeste,084c01fe9483436e8e4077572ccecbba-0.parquet,.parquet,dado,18040,4f4c66194eaa0359cd0d363268fbe74936b09e2222e2d1443b4cf9cb7da68d3a
Engenharia_PY/01.+Postgree/01. Postgree/Destino/Anac_particonado.parquet/regiao=Nordeste/8cf514679546445b9f9b6187430be510-0.parquet,Engenharia_PY,Engenharia de Dados,,01.+Postgree\01. Postgree\Destino\Anac_particonado.parquet\regiao=Nordeste,8cf514679546445b9f9b6187430be510-0.parquet,.parquet,dado,18040,4f4c66194eaa0359cd0d363268fbe74936b09e2222e2d1443b4cf9cb7da68d3a
Engenharia_PY/01.+Postgree/01. Postgree/Destino/Anac_particonado.parquet/regiao=Norte/084c01fe9483436e8e4077572ccecbba-0.parquet,Engenharia_PY,Engenharia de Dados,,01.+Postgree\01. Postgree\Destino\Anac_particonado.parquet\regiao=Norte,084c01fe9483436e8e4077572ccecbba-0.parquet,.parquet,dado,18461,58aff4c204e87ea413a74a44636363c54ce6ad831a0951a17b161ab9c258bdf6
Engenharia_PY/01.+Postgree/01. Postgree/Destino/Anac_particonado.parquet/regiao=Norte/8cf514679546445b9f9b6187430be510-0.parquet,Engenharia_PY,Engenharia de Dados,,01.+Postgree\01. Postgree\Destino\Anac_particonado.parquet\regiao=Norte,8cf514679546445b9f9b6187430be510-0.parquet,.parquet,dado,18461,58aff4c204e87ea413a74a44636363c54ce6ad831a0951a17b161ab9c258bdf6
Engenharia_PY/01.+Postgree/01. Postgree/Destino/Anac_particonado.parquet/regiao=Sudeste/084c01fe9483436e8e4077572ccecbba-0.parquet,Engenharia_PY,Engenharia de Dados,,01.+Postgree\01. Postgree\Destino\Anac_particonado.parquet\regiao=Sudeste,084c01fe9483436e8e4077572ccecbba-0.parquet,.parquet,dado,56228,5854e6acbbb48ea3c04429bcadb6ee0e8722a3cabc0626b4fd3f2902dbc3633a
Engenharia_PY/01.+Postgree/01. Postgree/Destino/Anac_particonado.parquet/regiao=Sudeste/8cf514679546445b9f9b6187430be510-0.parquet,Engenharia_PY,Engenharia de Dados,,01.+Postgree\01. Postgree\Destino\Anac_particonado.parquet\regiao=Sudeste,8cf514679546445b9f9b6187430be510-0.parquet,.parquet,dado,56228,5854e6acbbb48ea3c04429bcadb6ee0e8722a3cabc0626b4fd3f2902dbc3633a
Engenharia_PY/01.+Postgree/01. Postgree/Destino/Anac_particonado.parquet/regiao=Sul/084c01fe9483436e8e4077572ccecbba-0.parquet,Engenharia_PY,Engenharia de Dados,,01.+Postgree\01. Postgree\Destino\Anac_particonado.parquet\regiao=Sul,084c01fe9483436e8e4077572ccecbba-0.parquet,.parquet,dado,26504,c4bb973109df4f5413631ff0849f510f2a61728f69ec317713620409be8b8366
Engenharia_PY/01.+Postgree/01. Postgree/Destino/Anac_particonado.parquet/regiao=Sul/8cf514679546445b9f9b6187430be510-0.parquet,Engenharia_PY,Engenharia de Dados,,01.+Postgree\01. Postgree\Destino\Anac_particonado.parquet\regiao=Sul,8cf514679546445b9f9b6187430be510-0.parquet,.parquet,dado,26504,c4bb973109df4f5413631ff0849f510f2a61728f69ec317713620409be8b8366
Engenharia_PY/01.+Postgree/01. Postgree/Destino/Anac_particonado.parquet/regiao=__HIVE_DEFAULT_PARTITION__/084c01fe9483436e8e4077572ccecbba-0.parquet,Engenharia_PY,Engenharia de Dados,,01.+Postgree\01. Postgree\Destino\Anac_particonado.parquet\regiao=__HIVE_DEFAULT_PARTITION__,084c01fe9483436e8e4077572ccecbba-0.parquet,.parquet,dado,11236,e9c89bed6cd1b3a354eafaaeb9026fdef4f27f2ff7e6f4a84c41b869341df328
Engenharia_PY/01.+Postgree/01. Postgree/Destino/Anac_particonado.parquet/regiao=__HIVE_DEFAULT_PARTITION__/8cf514679546445b9f9b6187430be510-0.parquet,Engenharia_PY,Engenharia de Dados,,01.+Postgree\01. Postgree\Destino\Anac_particonado.parquet\regiao=__HIVE_DEFAULT_PARTITION__,8cf514679546445b9f9b6187430be510-0.parquet,.parquet,dado,11236,e9c89bed6cd1b3a354eafaaeb9026fdef4f27f2ff7e6f4a84c41b869341df328
Engenharia_PY/01.+Postgree/01. Postgree/Destino/Anac_particonado.parquet/regiao=Centro-Oeste/uf=DF/b75fa60ddd5745ae882a5e2ccc0bf738-0.parquet,Engenharia_PY,Engenharia de Dados,,01.+Postgree\01. Postgree\Destino\Anac_particonado.parquet\regiao=Centro-Oeste\uf=DF,b75fa60ddd5745ae882a5e2ccc0bf738-0.parquet,.parquet,dado,6683,80efa77f88b6bde7509b32c5ee86ea43802f140b5bc55d82bc7fbf5f0ecf8735
Engenharia_PY/01.+Postgree/01. Postgree/Destino/Anac_particonado.parquet/regiao=Centro-Oeste/uf=GO/b75fa60ddd5745ae882a5e2ccc0bf738-0.parquet,Engenharia_PY,Engenharia de Dados,,01.+Postgree\01. Postgree\Destino\Anac_particonado.parquet\regiao=Centro-Oeste\uf=GO,b75fa60ddd5745ae882a5e2ccc0bf738-0.parquet,.parquet,dado,9010,afdce318d4181a2cf9b34a22fc9e41a4fc91bd0bdd81616144547d527ece28e3
Engenharia_PY/01.+Postgree/01. Postgree/Destino/Anac_particonado.parquet/regiao=Centro-Oeste/uf=MS/b75fa60ddd5745ae882a5e2ccc0bf738-0.parquet,Engenharia_PY,Engenharia de Dados,,01.+Postgree\01. Postgree\Destino\Anac_particonado.parquet\regiao=Centro-Oeste\uf=MS,b75fa60ddd5745ae882a5e2ccc0bf738-0.parquet,.parquet,dado,6487,dcf5b616bcf91f0e052c30f8569ac46c52754d552ae32d67d979172281c24202
Engenharia_PY/01.+Postgree/01. Postgree/Destino/Anac_particonado.parquet/regiao=Centro-Oeste/uf=MT/b75fa60ddd5745ae882a5e2ccc0bf738-0.parquet,Engenharia_PY,Engenharia de Dados,,01.+Postgree\01. Postgree\Destino\Anac_particonado.parquet\regiao=Centro-Oeste\uf=MT,b75fa60ddd5745ae882a5e2ccc0bf738-0.parquet,.parquet,dado,8980,fe1b33a0d9252d06bb7ae381742448896fd4a4cc67e7a3df93d0b907e835e4da
Engenharia_PY/01.+Postgree/01. Postgree/Destino/Anac_particonado.parquet/regiao=Nordeste/uf=AL/b75fa60ddd5745ae882a5e2ccc0bf738-0.parquet,Engenharia_PY,Engenharia de Dados,,01.+Postgree\01. Postgree\Destino\Anac_particonado.parquet\regiao=Nordeste\uf=AL,b75fa60ddd5745ae882a5e2ccc0bf738-0.parquet,.parquet,dado,3678,5127d717ac7ecc4270955b7c277ced75f177aa7a387876276d4c13416127c5cd
Engenharia_PY/01.+Postgree/01. Postgree/Destino/Anac_particonado.parquet/regiao=Nordeste/uf=BA/b75fa60ddd5745ae882a5e2ccc0bf738-0.parquet,Engenharia_PY,Engenharia de Dados,,01.+Postgree\01. Postgree\Destino\Anac_particonado.parquet\regiao=Nordeste\uf=BA,b75fa60ddd5745ae882a5e2ccc0bf738-0.parquet,.parquet,dado,8016,ee858826a9c8f2883d71c1f28b73cfaf17717eeea8f008a93a6f2b251434eb5b
Engenharia_PY/01.+Postgree/01. Postgree/Destino/Anac_particonado.parquet/regiao=Nordeste/uf=CE/b75fa60ddd5745ae882a5e2ccc0bf738-0.parquet,Engenharia_PY,Engenharia de Dados,,01.+Postgree\01. Postgree\Destino\Anac_particonado.parquet\regiao=Nordeste\uf=CE,b75fa60ddd5745ae882a5e2ccc0bf738-0.parquet,.parquet,dado,5379,c003c0f5ca4c92854372900f6454638d5fe109482b64020d1d63a05c632ca6a2
Engenharia_PY/01.+Postgree/01. Postgree/Destino/Anac_particonado.parquet/regiao=Nordeste/uf=MA/b75fa60ddd5745ae882a5e2ccc0bf738-0.parquet,Engenharia_PY,Engenharia de Dados,,01.+Postgree\01. Postgree\Destino\Anac_particonado.parquet\regiao=Nordeste\uf=MA,b75fa60ddd5745ae882a5e2ccc0bf738-0.parquet,.parquet,dado,4951,ded627183ba35b8a980e54e1e0715da11ad673efc7690b063f8078d052ca9b8f
Engenharia_PY/01.+Postgree/01. Postgree/Destino/Anac_particonado.parquet/regiao=Nordeste/uf=PB/b75fa60ddd5745ae882a5e2ccc0bf738-0.parquet,Engenharia_PY,Engenharia de Dados,,01.+Postgree\01. Postgree\Destino\Anac_particonado.parquet\regiao=Nordeste\uf=PB,b75fa60ddd5745ae882a5e2ccc0bf738-0.parquet,.parquet,dado,3769,a06828035b31850dc22fc24bb02383dad7f0589553ed01d94897d1c260f3d2c9
Engenharia_PY/01.+Postgree/01. Postgree/Destino/Anac_particonado.parquet/regiao=Nordeste/uf=PE/b75fa60ddd5745ae882a5e2ccc0bf738-0.parquet,Engenharia_PY,Engenharia de Dados,,01.+Postgree\01. Postgree\Destino\Anac_particonado.parquet\regiao=Nordeste\uf=PE,b75fa60ddd5745ae882a5e2ccc0bf738-0.parquet,.parquet,dado,5732,ed6cebc63ae69e15512b472ff3206cbb63b48caa92714b77e9db81acec5a10e0
Engenharia_PY/01.+Postgree/01. Postgree/Destino/Anac_particonado.parquet/regiao=Nordeste/uf=PI/b75fa60ddd5745ae882a5e2ccc0bf738-0.parquet,Engenharia_PY,Engenharia de Dados,,01.+Postgree\01. Postgree\Destino\Anac_particonado.parquet\regiao=Nordeste\uf=PI,b75fa60ddd5745ae882a5e2ccc0bf738-0.parquet,.parquet,dado,4134,0431dbd176f33ea62f4aa4004de17020aa5969f58e04f63fdc4dbbd8ce63adfc
Engenharia_PY/01.+Postgree/01. Postgree/Destino/Anac_particonado.parquet/regiao=Nordeste/uf=RN/b75fa60ddd5745ae882a5e2ccc0bf738-0.parquet,Engenharia_PY,Engenharia de Dados,,01.+Postgree\01. Postgree\Destino\Anac_particonado.parquet\regiao=Nordeste\uf=RN,b75fa60ddd5745ae882a5e2ccc0bf738-0.parquet,.parquet,dado,3678,93288d5ea0fcf69c614e0bcebfb8d0e28a7b2b4cc5c5b1faa998ea9d6c848809
Engenharia_PY/01.+Postgree/01. Postgree/Destino/Anac_particonado.parquet/regiao=Nordeste/uf=SE/b75fa60ddd5745ae882a5e2ccc0bf738-0.parquet,Engenharia_PY,Engenharia de Dados,,01.+Postgree\01. Postgree\Destino\Anac_particonado.parquet\regiao=Nordeste\uf=SE,b75fa60ddd5745ae882a5e2ccc0bf738-0.parquet,.parquet,dado,3610,debea2b3f8fcb3d54b5fcf41044adc298a616e4827502323cc3ec5420f5f7ac9
Engenharia_PY/01.+Postgree/01. Postgree/Destino/Anac_particonado.parquet/regiao=Norte/uf=AC/b75fa60ddd5745ae882a5e2ccc0bf738-0.parquet,Engenharia_PY,Engenharia de Dados,,01.+Postgree\01. Postgree\Destino\Anac_particonado.parquet\regiao=Norte\uf=AC,b75fa60ddd5745ae882a5e2ccc0bf738-0.parquet,.parquet,dado,4222,b132be07ff50c08814c81ef6541919b64eb779f6b52205e038110b26b6f38be6
Engenharia_PY/01.+Postgree/01. Postgree/Destino/Anac_particonado.parquet/regiao=Norte/uf=AM/b75fa60ddd5745ae882a5e2ccc0bf738-0.parquet,Engenharia_PY,Engenharia de Dados,,01.+Postgree\01. Postgree\Destino\Anac_particonado.parquet\regiao=Norte\uf=AM,b75fa60ddd5745ae882a5e2ccc0bf738-0.parquet,.parquet,dado,7717,7839ec46743aa4dfdd1b10e09b63054de65c8aac5a447d6716e2b35765cb8291
Engenharia_PY/01.+Postgree/01. Postgree/Destino/Anac_particonado.parquet/regiao=Norte/uf=AP/b75fa60ddd5745ae882a5e2ccc0bf738-0.parquet,Engenharia_PY,Engenharia de Dados,,01.+Postgree\01. Postgree\Destino\Anac_particonado.parquet\regiao=Norte\uf=AP,b75fa60ddd5745ae882a5e2ccc0bf738-0.parquet,.parquet,dado,3455,d56f12aedc2e3ad9b8e588ec7952e0cbf56e9fd541e7b409d5500481eff4377b
Engenharia_PY/01.+Postgree/01. Postgree/Destino/Anac_particonado.parquet/regiao=Norte/uf=PA/b75fa60ddd5745ae882a5e2ccc0bf738-0.parquet,Engenharia_PY,Engenharia de Dados,,01.+Postgree\01. Postgree\Destino\Anac_particonado.parquet\regiao=Norte\uf=PA,b75fa60ddd5745ae882a5e2ccc0bf738-0.parquet,.parquet,dado,8736,edb60f5f7be4398098b99e82f99c66ae62b1d1e6e7cc0921467d562c9106fa32
Engenharia_PY/01.+Postgree/01. Postgree/Destino/Anac_particonado.parquet/regiao=Norte/uf=RO/b75fa60ddd5745ae882a5e2ccc0bf738-0.parquet,Engenharia_PY,Engenharia de Dados,,01.+Postgree\01. Postgree\Destino\Anac_particonado.parquet\regiao=Norte\uf=RO,b75fa60ddd5745ae882a5e2ccc0bf738-0.parquet,.parquet,dado,4107,d3f12740edde7b8d1b7afa949e463e860bda8b2015312decff725e4b358a357f
Engenharia_PY/01.+Postgree/01. Postgree/Destino/Anac_particonado.parquet/regiao=Norte/uf=RR/b75fa60ddd5745ae882a5e2ccc0bf738-0.parquet,Engenharia_PY,Engenharia de Dados,,01.+Postgree\01. Postgree\Destino\Anac_particonado.parquet\regiao=Norte\uf=RR,b75fa60ddd5745ae882a5e2ccc0bf738-0.parquet,.parquet,dado,4324,df968fe183b1bfd869b8e2b27cc2a8c38148bdd88f4122ba339f056868d5e931
Engenharia_PY/01.+Postgree/01. Postgree/Destino/Anac_particonado.parquet/regiao=Norte/uf=TO/b75fa60ddd5745ae882a5e2ccc0bf738-0.parquet,Engenharia_PY,Engenharia de Dados,,01.+Postgree\01. Postgree\Destino\Anac_particonado.parquet\regiao=Norte\uf=TO,b75fa60ddd5745ae882a5e2ccc0bf738-0.parquet,.parquet,dado,4329,1991fe292c33090f4734117ab6c2e59124470b9a80806540bc539e29dc9503cf
Engenharia_PY/01.+Postgree/01. Postgree/Destino/Anac_particonado.parquet/regiao=Sudeste/uf=ES/b75fa60ddd5745ae882a5e2ccc0bf738-0.parquet,Engenharia_PY,Engenharia de Dados,,01.+Postgree\01. Postgree\Destino\Anac_particonado.parquet\regiao=Sudeste\uf=ES,b75fa60ddd5745ae882a5e2ccc0bf738-0.parquet,.parquet,dado,5033,f1126d21e7ab47037b651d06718376a57ae353ba8c24d4df0689af4e75db41c4
Engenharia_PY/01.+Postgree/01. Postgree/Destino/Anac_particonado.parquet/regiao=Sudeste/uf=MG/b75fa60ddd5745ae882a5e2ccc0bf738-0.parquet,Engenharia_PY,Engenharia de Dados,,01.+Postgree\01. Postgree\Destino\Anac_particonado.parquet\regiao=Sudeste\uf=MG,b75fa60ddd5745ae882a5e2ccc0bf738-0.parquet,.parquet,dado,13912,7b735488b76e477a8c6807b152702365aec83dfbbb74727debcc4b9e7fb738b1
Engenharia_PY/01.+Postgree/01. Postgree/Destino/Anac_particonado.parquet/regiao=Sudeste/uf=RJ/b75fa60ddd5745ae882a5e2ccc0bf738-0.parquet,Engenharia_PY,Engenharia de Dados,,01.+Postgree\01. Postgree\Destino\Anac_particonado.parquet\regiao=Sudeste\uf=RJ,b75fa60ddd5745ae882a5e2ccc0bf738-0.parquet,.parquet,dado,14603,65e96f9b889f67d1567fa2d2a64475930b4f544673351b9a9e86e81ef042fca1
Engenharia_PY/01.+Postgree/01. Postgree/Destino/Anac_particonado.parquet/regiao=Sudeste/uf=SP/b75fa60ddd5745ae882a5e2ccc0bf738-0.parquet,Engenharia_PY,Engenharia de Dados,,01.+Postgree\01. Postgree\Destino\Anac_particonado.parquet\regiao=Sudeste\uf=SP,b75fa60ddd5745ae882a5e2ccc0bf738-0.parquet,.parquet,dado,32941,4d3a792dfdb95883b0a43dff8bf4e610c301b0a564f7f1b168962b502dfd1a9c
Engenharia_PY/01.+Postgree/01. Postgree/Destino/Anac_particonado.parquet/regiao=Sul/uf=PR/b75fa60ddd5745ae882a5e2ccc0bf738-0.parquet,Engenharia_PY,Engenharia de Dados,,01.+Postgree\01. Postgree\Destino\Anac_particonado.parquet\regiao=Sul\uf=PR,b75fa60ddd5745ae882a5e2ccc0bf738-0.parquet,.parquet,dado,13668,ec782a88fb6a45542a04c3e93792f9a12bc70868ea5b447317fc6ee4e73e6a21
Engenharia_PY/01.+Postgree/01. Postgree/Destino/Anac_particonado.parquet/regiao=Sul/uf=RS/b75fa60ddd5745ae882a5e2ccc0bf738-0.parquet,Engenharia_PY,Engenharia de Dados,,01.+Postgree\01. Postgree\Destino\Anac_particonado.parquet\regiao=Sul\uf=RS,b75fa60ddd5745ae882a5e2ccc0bf738-0.parquet,.parquet,dado,10385,5e88497de0b15e0e7fd38b7536995c6481bb581c662efd60d0029c38a62ecb79
Engenharia_PY/01.+Postgree/01. Postgree/Destino/Anac_particonado.parquet/regiao=Sul/uf=SC/b75fa60ddd5745ae882a5e2ccc0bf738-0.parquet,Engenharia_PY,Engenharia de Dados,,01.+Postgree\01. Postgree\Destino\Anac_particonado.parquet\regiao=Sul\uf=SC,b75fa60ddd5745ae882a5e2ccc0bf738-0.parquet,.parquet,dado,8287,39b2266ca3ef166e6915239a92b282affa997908a6e32b6d13400878b2f9dacd
Engenharia_PY/01.+Postgree/01. Postgree/Destino/Anac_particonado.parquet/regiao=__HIVE_DEFAULT_PARTITION__/uf=Exterior/b75fa60ddd5745ae882a5e2ccc0bf738-0.parquet,Engenharia_PY,Engenharia de Dados,,01.+Postgree\01. Postgree\Destino\Anac_particonado.parquet\regiao=__HIVE_DEFAULT_PARTITION__\uf=Exterior,b75fa60ddd5745ae882a5e2ccc0bf738-0.parquet,.parquet,dado,3822,91336754e73a67699da9da9e45cda3843ef67079c2dab66e99201a9a8197bb74
Engenharia_PY/01.+Postgree/01. Postgree/Destino/Anac_particonado.parquet/regiao=__HIVE_DEFAULT_PARTITION__/uf=Indeterminado/b75fa60ddd5745ae882a5e2ccc0bf738-0.parquet,Engenharia_PY,Engenharia de Dados,,01.+Postgree\01. Postgree\Destino\Anac_particonado.parquet\regiao=__HIVE_DEFAULT_PARTITION__\uf=Indeterminado,b75fa60ddd5745ae882a5e2ccc0bf738-0.parquet,.parquet,dado,10047,b4e6960a67a1b1801d74d2d6020327feeb62bddc9705b3e64a29ef3d12103bc3
Engenharia_PY/01.+Postgree/01. Postgree/Destino/Anac_particonado.parquet/regiao=__HIVE_DEFAULT_PARTITION__/uf=__HIVE_DEFAULT_PARTITION__/b75fa60ddd5745ae882a5e2ccc0bf738-0.parquet,Engenharia_PY,Engenharia de Dados,,01.+Postgree\01. Postgree\Destino\Anac_particonado.parquet\regiao=__HIVE_DEFAULT_PARTITION__\uf=__HIVE_DEFAULT_PARTITION__,b75fa60ddd5745ae882a5e2ccc0bf738-0.parquet,.parquet,dado,3353,1ddeab6a4c0a9d87c20439a25239114803f53f692d23dcdbf1ff0c612b7bb02b
Engenharia_PY/01.+Postgree/01. Postgree/Origem de dados/Bikes/brands.csv,Engenharia_PY,Engenharia de Dados,,01.+Postgree\01. Postgree\Origem de dados\Bikes,brands.csv,.csv,dado,120,d259593f655c76850ae121cea7010e2802f847daabc08080d1e00793fddbbc2e
Engenharia_PY/01.+Postgree/01. Postgree/Origem de dados/Bikes/categories.csv,Engenharia_PY,Engenharia de Dados,,01.+Postgree\01. Postgree\Origem de dados\Bikes,categories.csv,.csv,dado,162,c5584d686e910e7709d474223c1db562426b32bd57e9780a21241e1870e2f7bc
Engenharia_PY/01.+Postgree/01. Postgree/Origem de dados/Bikes/customers.csv,Engenharia_PY,Engenharia de Dados,,01.+Postgree\01. Postgree\Origem de dados\Bikes,customers.csv,.csv,dado,127671,e1431dec458bbebed6d778134a837caa37b142cc80f5e0ab8dceff4737532e6d
Engenharia_PY/01.+Postgree/01. Postgree/Origem de dados/Bikes/customers.json,Engenharia_PY,Engenharia de Dados,,01.+Postgree\01. Postgree\Origem de dados\Bikes,customers.json,.json,dado,276789,1d4757e0badb031826f2ce7b3500cb52bc79262f8896a3c8bd5601841845f557
Engenharia_PY/01.+Postgree/01. Postgree/Origem de dados/Bikes/orders.csv,Engenharia_PY,Engenharia de Dados,,01.+Postgree\01. Postgree\Origem de dados\Bikes,orders.csv,.csv,dado,77286,5b9c0c9468a57e3c2d3d11e6d94a6c4036c0922793f64e20090dee54aa6d9dee
Engenharia_PY/01.+Postgree/01. Postgree/Origem de dados/Bikes/order_items.csv,Engenharia_PY,Engenharia de Dados,,01.+Postgree\01. Postgree\Origem de dados\Bikes,order_items.csv,.csv,dado,112937,5df5c49ea195fd18a2c03d9f153e16594b41ab2bad4186f93835bbb1509b4381
Engenharia_PY/01.+Postgree/01. Postgree/Origem de dados/Bikes/products.csv,Engenharia_PY,Engenharia de Dados,,01.+Postgree\01. Postgree\Origem de dados\Bikes,products.csv,.csv,dado,17390,112630ab4c07f6c8220bef31de3d0e71138d4f006605e28beeb72acc78d11458
Engenharia_PY/01.+Postgree/01. Postgree/Origem de dados/Bikes/schema.png,Engenharia_PY,Engenharia de Dados,,01.+Postgree\01. Postgree\Origem de dados\Bikes,schema.png,.png,dado,12013,707ddfac6c8846102f66b3d64d40cc8cad448c353d5b33e43284f316835d2fb1
Engenharia_PY/01.+Postgree/01. Postgree/Origem de dados/Bikes/staffs.csv,Engenharia_PY,Engenharia de Dados,,01.+Postgree\01. Postgree\Origem de dados\Bikes,staffs.csv,.csv,dado,726,0670781a1aff34b723362577a68cf761fbe7e36d0283508c5392c5be57b3f81c
Engenharia_PY/01.+Postgree/01. Postgree/Origem de dados/Bikes/stocks.csv,Engenharia_PY,Engenharia de Dados,,01.+Postgree\01. Postgree\Origem de dados\Bikes,stocks.csv,.csv,dado,8773,337d4b486c3c65aeda9a1e5070ee437778919789d134365130a81d98154f7d67
Engenharia_PY/01.+Postgree/01. Postgree/Origem de dados/Bikes/stores.csv,Engenharia_PY,Engenharia de Dados,,01.+Postgree\01. Postgree\Origem de dados\Bikes,stores.csv,.csv,dado,330,394b5f1f8752fe6fb75d2246450f27013a31ddd7040287abcc51b9ca9e7ae8ad
Engenharia_PY/02.+MySQL/02. MySQL/Manual de Referência do MySQL.pdf,Engenharia_PY,Engenharia de Dados,,02.+MySQL\02. MySQL,Manual de Referência do MySQL.pdf,.pdf,conteudo,4158712,81779f04d0d86349d4661a3c60bb4f42d7976cc7b4eac41b5b6587095bf802f4
Engenharia_PY/02.+MySQL/02. MySQL/mysql-installer-community-8.0.36.0.msi,Engenharia_PY,Engenharia de Dados,,02.+MySQL\02. MySQL,mysql-installer-community-8.0.36.0.msi,.msi,outro,299151360,2e24d958ccf15827c92e7a42bd1f5e01867534dda0b388702fad9aa869d93911
Engenharia_PY/02.+MySQL/02. MySQL/Diagrama MySQL/bikes PDF.pdf,Engenharia_PY,Engenharia de Dados,,02.+MySQL\02. MySQL\Diagrama MySQL,bikes PDF.pdf,.pdf,conteudo,33635,b9f2b815b75536b0c99d39e331be6dbf00e68a6f4f6095fe6cf350b222d73643
Engenharia_PY/02.+MySQL/02. MySQL/Diagrama MySQL/Bikes PNG.png,Engenharia_PY,Engenharia de Dados,,02.+MySQL\02. MySQL\Diagrama MySQL,Bikes PNG.png,.png,dado,55143,328d7bf9ee201a4fda3302bd056231326627a73bae26f832b945314b210ca94f
Engenharia_PY/02.+MySQL/02. MySQL/Diagrama MySQL/Bikes.mwb,Engenharia_PY,Engenharia de Dados,,02.+MySQL\02. MySQL\Diagrama MySQL,Bikes.mwb,.mwb,dado,13662,ffc510a486d5f5b714bb02211cd0d4d38f1805b7e524978655b98a054b1640f7
Engenharia_PY/02.+MySQL/02. MySQL/Diagrama MySQL/Bikes.mwb.bak,Engenharia_PY,Engenharia de Dados,,02.+MySQL\02. MySQL\Diagrama MySQL,Bikes.mwb.bak,.bak,outro,13662,45de4c56796a8436ac3ec1a5df3b362f8fb1aba30c13b68984d030272b64eedb
Engenharia_PY/03.+SQLite/03. SQLite/SQLiteStudio-3.4.4-windows-x64-installer.exe,Engenharia_PY,Engenharia de Dados,,03.+SQLite\03. SQLite,SQLiteStudio-3.4.4-windows-x64-installer.exe,.exe,outro,34524678,4428f83914717fa581b4bd1eca35573739aa8ebea14e58b0392decd41b631a72
Engenharia_PY/03.+SQLite/03. SQLite/Banco de Dados/primeiro_banco,Engenharia_PY,Engenharia de Dados,,03.+SQLite\03. SQLite\Banco de Dados,primeiro_banco,,outro,12288,c439e15c9dfe3d1f96a38677e5f90d8c0ef648a1c0adc6c3904ecfe18c3dcb53
Engenharia_PY/03.+SQLite/03. SQLite/Banco de Dados/primeiro_banco - Copia,Engenharia_PY,Engenharia de Dados,,03.+SQLite\03. SQLite\Banco de Dados,primeiro_banco - Copia,,outro,12288,c439e15c9dfe3d1f96a38677e5f90d8c0ef648a1c0adc6c3904ecfe18c3dcb53
Engenharia_PY/03.+SQLite/03. SQLite/Banco de Dados/Teste.db,Engenharia_PY,Engenharia de Dados,,03.+SQLite\03. SQLite\Banco de Dados,Teste.db,.db,outro,8192,998188f7574b76d28db7ce97b0a80894727b0151712bf7d1cede6e32f161d19a
Engenharia_PY/04.+ETL+Pandas/04. ETL Pandas/arquivos_csv/Clientes - Copia (2).csv,Engenharia_PY,Engenharia de Dados,,04.+ETL+Pandas\04. ETL Pandas\arquivos_csv,Clientes - Copia (2).csv,.csv,dado,12356,b131204bece040db077a033f6df772927e3afc7077a25d687c974ea02602f723
Engenharia_PY/04.+ETL+Pandas/04. ETL Pandas/arquivos_csv/Clientes - Copia.csv,Engenharia_PY,Engenharia de Dados,,04.+ETL+Pandas\04. ETL Pandas\arquivos_csv,Clientes - Copia.csv,.csv,dado,12356,b131204bece040db077a033f6df772927e3afc7077a25d687c974ea02602f723
Engenharia_PY/04.+ETL+Pandas/04. ETL Pandas/arquivos_csv/Clientes.csv,Engenharia_PY,Engenharia de Dados,,04.+ETL+Pandas\04. ETL Pandas\arquivos_csv,Clientes.csv,.csv,dado,12356,b131204bece040db077a033f6df772927e3afc7077a25d687c974ea02602f723
Engenharia_PY/04.+ETL+Pandas/04. ETL Pandas/arquivos_excel/Caquinha.xlsx,Engenharia_PY,Engenharia de Dados,,04.+ETL+Pandas\04. ETL Pandas\arquivos_excel,Caquinha.xlsx,.xlsx,dado,15576,9dfe3eefbd6487a46c0542fd0fb32de51829b9e7e26348bce828b213a0ddb8f2
Engenharia_PY/04.+ETL+Pandas/04. ETL Pandas/arquivos_excel/Categoria.xlsx,Engenharia_PY,Engenharia de Dados,,04.+ETL+Pandas\04. ETL Pandas\arquivos_excel,Categoria.xlsx,.xlsx,dado,9858,4148c4181ae972a1c40c4205cac6286982b84d849beb378b1f0e1f3a25e59ea6
Engenharia_PY/04.+ETL+Pandas/04. ETL Pandas/arquivos_excel/items.xlsx,Engenharia_PY,Engenharia de Dados,,04.+ETL+Pandas\04. ETL Pandas\arquivos_excel,items.xlsx,.xlsx,dado,1487954,41f83d86b9b74f734c09edaa645124779144d590ab76cc512cc4adeb812a65c9
Engenharia_PY/04.+ETL+Pandas/04. ETL Pandas/arquivos_excel/Ordens.xlsx,Engenharia_PY,Engenharia de Dados,,04.+ETL+Pandas\04. ETL Pandas\arquivos_excel,Ordens.xlsx,.xlsx,dado,335938,177df876b8b2181964239fba69e0f1453ad88c4f72f6bff703b2580118f23839
Engenharia_PY/04.+ETL+Pandas/04. ETL Pandas/arquivos_excel/Produto.xlsx,Engenharia_PY,Engenharia de Dados,,04.+ETL+Pandas\04. ETL Pandas\arquivos_excel,Produto.xlsx,.xlsx,dado,11294,f581d354d943d44b3e91f5e741587673e49e32e2a43ddf4d765fe286e0348d6a
Engenharia_PY/04.+ETL+Pandas/04. ETL Pandas/arquivos_excel/VendasProj2.xlsx,Engenharia_PY,Engenharia de Dados,,04.+ETL+Pandas\04. ETL Pandas\arquivos_excel,VendasProj2.xlsx,.xlsx,dado,124161,585cbd85d17af9fd5b1882f751c00965cb35ed1e4606ef286a514c9d78fa2369
Engenharia_PY/04.+ETL+Pandas/04. ETL Pandas/arquivos_excel/~$Caquinha.xlsx,Engenharia_PY,Engenharia de Dados,,04.+ETL+Pandas\04. ETL Pandas\arquivos_excel,~$Caquinha.xlsx,.xlsx,dado,165,5e196a5bf33591043b1c5f6e60f81cfe9930b98fa7812800197c02657b817a48
Engenharia_PY/05.+SQL+Server/05. SQL Server/Origem/Origem/arquivos_csv/Clientes - Copia (2).csv,Engenharia_PY,Engenharia de Dados,,05.+SQL+Server\05. SQL Server\Origem\Origem\arquivos_csv,Clientes - Copia (2).csv,.csv,dado,12356,b131204bece040db077a033f6df772927e3afc7077a25d687c974ea02602f723
Engenharia_PY/05.+SQL+Server/05. SQL Server/Origem/Origem/arquivos_csv/Clientes - Copia.csv,Engenharia_PY,Engenharia de Dados,,05.+SQL+Server\05. SQL Server\Origem\Origem\arquivos_csv,Clientes - Copia.csv,.csv,dado,12356,b131204bece040db077a033f6df772927e3afc7077a25d687c974ea02602f723
Engenharia_PY/05.+SQL+Server/05. SQL Server/Origem/Origem/arquivos_csv/Clientes.csv,Engenharia_PY,Engenharia de Dados,,05.+SQL+Server\05. SQL Server\Origem\Origem\arquivos_csv,Clientes.csv,.csv,dado,12356,b131204bece040db077a033f6df772927e3afc7077a25d687c974ea02602f723
Engenharia_PY/05.+SQL+Server/05. SQL Server/Origem/Origem/arquivos_excel/Caquinha.xlsx,Engenharia_PY,Engenharia de Dados,,05.+SQL+Server\05. SQL Server\Origem\Origem\arquivos_excel,Caquinha.xlsx,.xlsx,dado,15576,9dfe3eefbd6487a46c0542fd0fb32de51829b9e7e26348bce828b213a0ddb8f2
Engenharia_PY/05.+SQL+Server/05. SQL Server/Origem/Origem/arquivos_excel/Categoria.xlsx,Engenharia_PY,Engenharia de Dados,,05.+SQL+Server\05. SQL Server\Origem\Origem\arquivos_excel,Categoria.xlsx,.xlsx,dado,9858,4148c4181ae972a1c40c4205cac6286982b84d849beb378b1f0e1f3a25e59ea6
Engenharia_PY/05.+SQL+Server/05. SQL Server/Origem/Origem/arquivos_excel/items.xlsx,Engenharia_PY,Engenharia de Dados,,05.+SQL+Server\05. SQL Server\Origem\Origem\arquivos_excel,items.xlsx,.xlsx,dado,1487954,41f83d86b9b74f734c09edaa645124779144d590ab76cc512cc4adeb812a65c9
Engenharia_PY/05.+SQL+Server/05. SQL Server/Origem/Origem/arquivos_excel/Ordens.xlsx,Engenharia_PY,Engenharia de Dados,,05.+SQL+Server\05. SQL Server\Origem\Origem\arquivos_excel,Ordens.xlsx,.xlsx,dado,335938,177df876b8b2181964239fba69e0f1453ad88c4f72f6bff703b2580118f23839
Engenharia_PY/05.+SQL+Server/05. SQL Server/Origem/Origem/arquivos_excel/Produto.xlsx,Engenharia_PY,Engenharia de Dados,,05.+SQL+Server\05. SQL Server\Origem\Origem\arquivos_excel,Produto.xlsx,.xlsx,dado,11294,f581d354d943d44b3e91f5e741587673e49e32e2a43ddf4d765fe286e0348d6a
Engenharia_PY/05.+SQL+Server/05. SQL Server/Origem/Origem/arquivos_excel/VendasProj2.xlsx,Engenharia_PY,Engenharia de Dados,,05.+SQL+Server\05. SQL Server\Origem\Origem\arquivos_excel,VendasProj2.xlsx,.xlsx,dado,124161,585cbd85d17af9fd5b1882f751c00965cb35ed1e4606ef286a514c9d78fa2369
Engenharia_PY/05.+SQL+Server/05. SQL Server/Origem/Origem/arquivos_excel/~$Caquinha.xlsx,Engenharia_PY,Engenharia de Dados,,05.+SQL+Server\05. SQL Server\Origem\Origem\arquivos_excel,~$Caquinha.xlsx,.xlsx,dado,165,5e196a5bf33591043b1c5f6e60f81cfe9930b98fa7812800197c02657b817a48
Engenharia_PY/05.+SQL+Server/05. SQL Server/Origem/Origem/arquivos_txt/Despesas.txt,Engenharia_PY,Engenharia de Dados,,05.+SQL+Server\05. SQL Server\Origem\Origem\arquivos_txt,Despesas.txt,.txt,conteudo,119,9387ac241989446413edea5f02a771a5698d3a8c165d2b05907ca3757ee8990d
Engenharia_PY/05.+SQL+Server/05. SQL Server/Origem/Origem/arquivos_txt/Vendas.txt,Engenharia_PY,Engenharia de Dados,,05.+SQL+Server\05. SQL Server\Origem\Origem\arquivos_txt,Vendas.txt,.txt,conteudo,375,64dd1d2dd864d439e2d3b31336f59ac2481ca5d74ef2662b104e33100b72ab70
Engenharia_PY/05.+SQL+Server/05. SQL Server/Origem/Origem/arquivos_xml/TCE_CE.xml.xml,Engenharia_PY,Engenharia de Dados,,05.+SQL+Server\05. SQL Server\Origem\Origem\arquivos_xml,TCE_CE.xml.xml,.xml,outro,23237,13f4b2e3ba8e31252bf6f370913f18729b608b95562dc8dfd3dba9796d4e5fe2
Engenharia_PY/05.+SQL+Server/05. SQL Server/Origem/Origem/arquivos_xml/TCE_CE.xsd,Engenharia_PY,Engenharia de Dados,,05.+SQL+Server\05. SQL Server\Origem\Origem\arquivos_xml,TCE_CE.xsd,.xsd,outro,752,78f690ea01024ee51da0ecfa083949b79c82ef506ec7092ee41a261e61297623
Engenharia_PY/05.+SQL+Server/05. SQL Server/Origem/Origem/Scripts/Mesclar .sql,Engenharia_PY,Engenharia de Dados,,05.+SQL+Server\05. SQL Server\Origem\Origem\Scripts,Mesclar .sql,.sql,conteudo,393,1c0ff707a7138ce6bd62f1681f6555fc85dd736c419bdb25996f1839c59845c2
Engenharia_PY/05.+SQL+Server/05. SQL Server/Origem/Origem/Web/Clientes.xlsx,Engenharia_PY,Engenharia de Dados,,05.+SQL+Server\05. SQL Server\Origem\Origem\Web,Clientes.xlsx,.xlsx,dado,11372,5039508e10232e7b79526175a9b4622ad6e81e136cec5bdb406b7beb436a5806
Engenharia_PY/05.+SQL+Server/05. SQL Server/Origem/Origem/arquivos_excel/Consolidar/Vendas2021.xlsx,Engenharia_PY,Engenharia de Dados,,05.+SQL+Server\05. SQL Server\Origem\Origem\arquivos_excel\Consolidar,Vendas2021.xlsx,.xlsx,dado,31619,238eaa91902e8f39e351fadb86c7c9fc0a2fc273c3620d26eb4777724a4486f9
Engenharia_PY/05.+SQL+Server/05. SQL Server/Origem/Origem/arquivos_excel/Consolidar/Vendas2022.xlsx,Engenharia_PY,Engenharia de Dados,,05.+SQL+Server\05. SQL Server\Origem\Origem\arquivos_excel\Consolidar,Vendas2022.xlsx,.xlsx,dado,31371,5e78af598545743d74c7df8f817deaec32d08393db1f326bbfea36ba78b15dde
Engenharia_PY/05.+SQL+Server/05. SQL Server/Origem/Origem/arquivos_excel/Consolidar/Vendas2023.xlsx,Engenharia_PY,Engenharia de Dados,,05.+SQL+Server\05. SQL Server\Origem\Origem\arquivos_excel\Consolidar,Vendas2023.xlsx,.xlsx,dado,9079,74ef6f5ded1d0a53f2387992efa9d28f6243ae5c0517f9b48c0fab4c31f71326
Engenharia_PY/05.+SQL+Server/05. SQL Server/Origem/Origem/arquivos_excel/Consolidar/Arquivos consolidados/VendasGeraldelete.xlsx,Engenharia_PY,Engenharia de Dados,,05.+SQL+Server\05. SQL Server\Origem\Origem\arquivos_excel\Consolidar\Arquivos consolidados,VendasGeraldelete.xlsx,.xlsx,dado,24878,1a49975753752d45405cbdad2118d5fc92f3b4a96d12d5c140f9e13823e70f99
Engenharia_PY/05.+SQL+Server/05. SQL Server/Origem/Origem/arquivos_excel/Consolidar/Arquivos consolidados/VendasGeralteste.xlsx,Engenharia_PY,Engenharia de Dados,,05.+SQL+Server\05. SQL Server\Origem\Origem\arquivos_excel\Consolidar\Arquivos consolidados,VendasGeralteste.xlsx,.xlsx,dado,24878,cd62df3aa3c0f29dc54846f84263df129d959b5960cd513314a307bad94b8c7b
Engenharia_PY/05.+SQL+Server/05. SQL Server/Origem/Origem/arquivos_excel/Consolidar/Concat/VendasConcat.xlsx,Engenharia_PY,Engenharia de Dados,,05.+SQL+Server\05. SQL Server\Origem\Origem\arquivos_excel\Consolidar\Concat,VendasConcat.xlsx,.xlsx,dado,8131,2a96ae66ff99e744df5057b8cf46c0066f52347c66d157c571fc48a2a08ecf53
Engenharia_PY/05.+SQL+Server/05. SQL Server/Origem/Origem/arquivos_txt/Files/Despesas 01.txt,Engenharia_PY,Engenharia de Dados,,05.+SQL+Server\05. SQL Server\Origem\Origem\arquivos_txt\Files,Despesas 01.txt,.txt,conteudo,119,9387ac241989446413edea5f02a771a5698d3a8c165d2b05907ca3757ee8990d
Engenharia_PY/05.+SQL+Server/05. SQL Server/Origem/Origem/arquivos_txt/Files/Despesas 02.txt,Engenharia_PY,Engenharia de Dados,,05.+SQL+Server\05. SQL Server\Origem\Origem\arquivos_txt\Files,Despesas 02.txt,.txt,conteudo,119,9387ac241989446413edea5f02a771a5698d3a8c165d2b05907ca3757ee8990d
Engenharia_PY/05.+SQL+Server/05. SQL Server/Origem/Origem/arquivos_txt/Files/Despesas 03.txt,Engenharia_PY,Engenharia de Dados,,05.+SQL+Server\05. SQL Server\Origem\Origem\arquivos_txt\Files,Despesas 03.txt,.txt,conteudo,119,9387ac241989446413edea5f02a771a5698d3a8c165d2b05907ca3757ee8990d
Engenharia_PY/05.+SQL+Server/05. SQL Server/Origem/Origem/arquivos_txt/foreachtxt/items.xlsx,Engenharia_PY,Engenharia de Dados,,05.+SQL+Server\05. SQL Server\Origem\Origem\arquivos_txt\foreachtxt,items.xlsx,.xlsx,dado,1487954,41f83d86b9b74f734c09edaa645124779144d590ab76cc512cc4adeb812a65c9
Engenharia_PY/05.+SQL+Server/05. SQL Server/Origem/Origem/arquivos_txt/foreachtxt/teste2.txt,Engenharia_PY,Engenharia de Dados,,05.+SQL+Server\05. SQL Server\Origem\Origem\arquivos_txt\foreachtxt,teste2.txt,.txt,conteudo,375,64dd1d2dd864d439e2d3b31336f59ac2481ca5d74ef2662b104e33100b72ab70
Engenharia_PY/05.+SQL+Server/05. SQL Server/Origem/Origem/arquivos_txt/foreachtxt/Vendas - Copia (2) - Copia.txt,Engenharia_PY,Engenharia de Dados,,05.+SQL+Server\05. SQL Server\Origem\Origem\arquivos_txt\foreachtxt,Vendas - Copia (2) - Copia.txt,.txt,conteudo,375,64dd1d2dd864d439e2d3b31336f59ac2481ca5d74ef2662b104e33100b72ab70
Engenharia_PY/05.+SQL+Server/05. SQL Server/Origem/Origem/arquivos_txt/foreachtxt/Vendas - Copia (2).txt,Engenharia_PY,Engenharia de Dados,,05.+SQL+Server\05. SQL Server\Origem\Origem\arquivos_txt\foreachtxt,Vendas - Copia (2).txt,.txt,conteudo,375,64dd1d2dd864d439e2d3b31336f59ac2481ca5d74ef2662b104e33100b72ab70
Engenharia_PY/05.+SQL+Server/05. SQL Server/Origem/Origem/arquivos_txt/foreachtxt/Vendas - Copia (3) - Copia.txt,Engenharia_PY,Engenharia de Dados,,05.+SQL+Server\05. SQL Server\Origem\Origem\arquivos_txt\foreachtxt,Vendas - Copia (3) - Copia.txt,.txt,conteudo,375,64dd1d2dd864d439e2d3b31336f59ac2481ca5d74ef2662b104e33100b72ab70
Engenharia_PY/05.+SQL+Server/05. SQL Server/Origem/Origem/arquivos_txt/foreachtxt/Vendas - Copia (4) - Copia.txt,Engenharia_PY,Engenharia de Dados,,05.+SQL+Server\05. SQL Server\Origem\Origem\arquivos_txt\foreachtxt,Vendas - Copia (4) - Copia.txt,.txt,conteudo,375,64dd1d2dd864d439e2d3b31336f59ac2481ca5d74ef2662b104e33100b72ab70
Engenharia_PY/05.+SQL+Server/05. SQL Server/Origem/Origem/arquivos_txt/foreachtxt/Vendas - Copia (5) - Copia.txt,Engenharia_PY,Engenharia de Dados,,05.+SQL+Server\05. SQL Server\Origem\Origem\arquivos_txt\foreachtxt,Vendas - Copia (5) - Copia.txt,.txt,conteudo,375,64dd1d2dd864d439e2d3b31336f59ac2481ca5d74ef2662b104e33100b72ab70
Engenharia_PY/05.+SQL+Server/05. SQL Server/Origem/Origem/arquivos_txt/foreachtxt/Vendas - Copia.txt,Engenharia_PY,Engenharia de Dados,,05.+SQL+Server\05. SQL Server\Origem\Origem\arquivos_txt\foreachtxt,Vendas - Copia.txt,.txt,conteudo,375,64dd1d2dd864d439e2d3b31336f59ac2481ca5d74ef2662b104e33100b72ab70
Engenharia_PY/05.+SQL+Server/05. SQL Server/Origem/Origem/arquivos_txt/foreachtxt/Vendas.txt,Engenharia_PY,Engenharia de Dados,,05.+SQL+Server\05. SQL Server\Origem\Origem\arquivos_txt\foreachtxt,Vendas.txt,.txt,conteudo,375,64dd1d2dd864d439e2d3b31336f59ac2481ca5d74ef2662b104e33100b72ab70
Engenharia_PY/05.+SQL+Server/05. SQL Server/SQL Server Material Download/Arquivos/Banco de dados E-comerce SQL server.xls,Engenharia_PY,Engenharia de Dados,,05.+SQL+Server\05. SQL Server\SQL Server Material Download\Arquivos,Banco de dados E-comerce SQL server.xls,.xls,dado,4363776,5935527466394bada279400d4d115d8d5d924cd9aed856e8081c6c4b60bfb2a8
Engenharia_PY/05.+SQL+Server/05. SQL Server/SQL Server Material Download/Arquivos/criando tabelas via script completo.xls,Engenharia_PY,Engenharia de Dados,,05.+SQL+Server\05. SQL Server\SQL Server Material Download\Arquivos,criando tabelas via script completo.xls,.xls,dado,2182144,8d135027904ba8d2ab3ff6248532b226e85ed7b3d4c5f5e14991c42006f23b36
Engenharia_PY/05.+SQL+Server/05. SQL Server/SQL Server Material Download/Arquivos/Joins_.pdf,Engenharia_PY,Engenharia de Dados,,05.+SQL+Server\05. SQL Server\SQL Server Material Download\Arquivos,Joins_.pdf,.pdf,conteudo,739864,f9970c817595fb0e80c9234fe3d8218ba89d3c9119dc8a955f80d0c30842a85a
Engenharia_PY/05.+SQL+Server/05. SQL Server/SQL Server Material Download/Arquivos/Relacionamentos de tabelas.pbix,Engenharia_PY,Engenharia de Dados,,05.+SQL+Server\05. SQL Server\SQL Server Material Download\Arquivos,Relacionamentos de tabelas.pbix,.pbix,outro,917148,364449908ef51ee4107105835f72fa2f9dbdd3dd74837b55b34ca4d0977f576b
Engenharia_PY/05.+SQL+Server/05. SQL Server/SQL Server Material Download/Arquivos/SQL-Joins.jpg,Engenharia_PY,Engenharia de Dados,,05.+SQL+Server\05. SQL Server\SQL Server Material Download\Arquivos,SQL-Joins.jpg,.jpg,dado,177447,e7d484e798cf982bb626e26d06931a1d8e9638058fa9ebcfe51e5f137c1bc172
Engenharia_PY/05.+SQL+Server/05. SQL Server/SQL Server Material Download/Arquivos/Vendas (Aula Join avançado).xls,Engenharia_PY,Engenharia de Dados,,05.+SQL+Server\05. SQL Server\SQL Server Material Download\Arquivos,Vendas (Aula Join avançado).xls,.xls,dado,37376,4936512ef11ac67d47e473e2ca1ff74554ca0ff3d06c88aeca4529e2b28c5567
Engenharia_PY/05.+SQL+Server/05. SQL Server/SQL Server Material Download/Banco de dados/AdventureWorksDW2019.bak,Engenharia_PY,Engenharia de Dados,,05.+SQL+Server\05. SQL Server\SQL Server Material Download\Banco de dados,AdventureWorksDW2019.bak,.bak,outro,101834752,d0386f4f7a7aa17407fef1c7d0b433ccea356d9c15872f6b0ce1c7b836b6ced3
Engenharia_PY/05.+SQL+Server/05. SQL Server/SQL Server Material Download/Banco de dados/banco de dados script.txt,Engenharia_PY,Engenharia de Dados,,05.+SQL+Server\05. SQL Server\SQL Server Material Download\Banco de dados,banco de dados script.txt,.txt,conteudo,128704,2dfd7f958bfc6f9aace6548b018e1b7d57598221529f609d024dafd494687cba
Engenharia_PY/05.+SQL+Server/05. SQL Server/SQL Server Material Download/NPS/NPS PBI.pbix,Engenharia_PY,Engenharia de Dados,,05.+SQL+Server\05. SQL Server\SQL Server Material Download\NPS,NPS PBI.pbix,.pbix,outro,868717,b0077b7e703ecb296a405ec978e6f8dd3129eb1d8c42b649a31abb62719b88b7
Engenharia_PY/05.+SQL+Server/05. SQL Server/SQL Server Material Download/NPS/NPS.png,Engenharia_PY,Engenharia de Dados,,05.+SQL+Server\05. SQL Server\SQL Server Material Download\NPS,NPS.png,.png,dado,858938,b66ec8a8bd6de706cd27120475705f1c757f326860f5f68686092a0c36671e07
Engenharia_PY/05.+SQL+Server/05. SQL Server/SQL Server Material Download/NPS/NPS.sql,Engenharia_PY,Engenharia de Dados,,05.+SQL+Server\05. SQL Server\SQL Server Material Download\NPS,NPS.sql,.sql,conteudo,1509,193830ccf1b889d2e837e295dcc28c4db97d8fb65e7be03ae07fe8dbab826542
Engenharia_PY/05.+SQL+Server/05. SQL Server/SQL Server Material Download/NPS/NPS.xlsx,Engenharia_PY,Engenharia de Dados,,05.+SQL+Server\05. SQL Server\SQL Server Material Download\NPS,NPS.xlsx,.xlsx,dado,62067,3c61cc7cbf0fc7b13a6a4860f7dc1893a8072fbb3f9af970315fb44db90aea67
Engenharia_PY/07.+Google+BigQuery/07. Google BigQuery/Arquivos/Origem/arquivos_csv/Clientes - Copia (2).csv,Engenharia_PY,Engenharia de Dados,,07.+Google+BigQuery\07. Google BigQuery\Arquivos\Origem\arquivos_csv,Clientes - Copia (2).csv,.csv,dado,12356,b131204bece040db077a033f6df772927e3afc7077a25d687c974ea02602f723
Engenharia_PY/07.+Google+BigQuery/07. Google BigQuery/Arquivos/Origem/arquivos_csv/Clientes - Copia.csv,Engenharia_PY,Engenharia de Dados,,07.+Google+BigQuery\07. Google BigQuery\Arquivos\Origem\arquivos_csv,Clientes - Copia.csv,.csv,dado,12356,b131204bece040db077a033f6df772927e3afc7077a25d687c974ea02602f723
Engenharia_PY/07.+Google+BigQuery/07. Google BigQuery/Arquivos/Origem/arquivos_csv/Clientes.csv,Engenharia_PY,Engenharia de Dados,,07.+Google+BigQuery\07. Google BigQuery\Arquivos\Origem\arquivos_csv,Clientes.csv,.csv,dado,12356,b131204bece040db077a033f6df772927e3afc7077a25d687c974ea02602f723
Engenharia_PY/07.+Google+BigQuery/07. Google BigQuery/Arquivos/Origem/arquivos_excel/Caquinha.xlsx,Engenharia_PY,Engenharia de Dados,,07.+Google+BigQuery\07. Google BigQuery\Arquivos\Origem\arquivos_excel,Caquinha.xlsx,.xlsx,dado,15576,9dfe3eefbd6487a46c0542fd0fb32de51829b9e7e26348bce828b213a0ddb8f2
Engenharia_PY/07.+Google+BigQuery/07. Google BigQuery/Arquivos/Origem/arquivos_excel/Categoria.xlsx,Engenharia_PY,Engenharia de Dados,,07.+Google+BigQuery\07. Google BigQuery\Arquivos\Origem\arquivos_excel,Categoria.xlsx,.xlsx,dado,9858,4148c4181ae972a1c40c4205cac6286982b84d849beb378b1f0e1f3a25e59ea6
Engenharia_PY/07.+Google+BigQuery/07. Google BigQuery/Arquivos/Origem/arquivos_excel/items.xlsx,Engenharia_PY,Engenharia de Dados,,07.+Google+BigQuery\07. Google BigQuery\Arquivos\Origem\arquivos_excel,items.xlsx,.xlsx,dado,1487954,41f83d86b9b74f734c09edaa645124779144d590ab76cc512cc4adeb812a65c9
Engenharia_PY/07.+Google+BigQuery/07. Google BigQuery/Arquivos/Origem/arquivos_excel/Ordens.xlsx,Engenharia_PY,Engenharia de Dados,,07.+Google+BigQuery\07. Google BigQuery\Arquivos\Origem\arquivos_excel,Ordens.xlsx,.xlsx,dado,335938,177df876b8b2181964239fba69e0f1453ad88c4f72f6bff703b2580118f23839
Engenharia_PY/07.+Google+BigQuery/07. Google BigQuery/Arquivos/Origem/arquivos_excel/Produto.xlsx,Engenharia_PY,Engenharia de Dados,,07.+Google+BigQuery\07. Google BigQuery\Arquivos\Origem\arquivos_excel,Produto.xlsx,.xlsx,dado,11294,f581d354d943d44b3e91f5e741587673e49e32e2a43ddf4d765fe286e0348d6a
Engenharia_PY/07.+Google+BigQuery/07. Google BigQuery/Arquivos/Origem/arquivos_excel/VendasProj2.xlsx,Engenharia_PY,Engenharia de Dados,,07.+Google+BigQuery\07. Google BigQuery\Arquivos\Origem\arquivos_excel,VendasProj2.xlsx,.xlsx,dado,124161,585cbd85d17af9fd5b1882f751c00965cb35ed1e4606ef286a514c9d78fa2369
Engenharia_PY/07.+Google+BigQuery/07. Google BigQuery/Arquivos/Origem/arquivos_excel/~$Caquinha.xlsx,Engenharia_PY,Engenharia de Dados,,07.+Google+BigQuery\07. Google BigQuery\Arquivos\Origem\arquivos_excel,~$Caquinha.xlsx,.xlsx,dado,165,5e196a5bf33591043b1c5f6e60f81cfe9930b98fa7812800197c02657b817a48
Engenharia_PY/07.+Google+BigQuery/07. Google BigQuery/Arquivos/Origem/arquivos_txt/Despesas.txt,Engenharia_PY,Engenharia de Dados,,07.+Google+BigQuery\07. Google BigQuery\Arquivos\Origem\arquivos_txt,Despesas.txt,.txt,conteudo,119,9387ac241989446413edea5f02a771a5698d3a8c165d2b05907ca3757ee8990d
Engenharia_PY/07.+Google+BigQuery/07. Google BigQuery/Arquivos/Origem/arquivos_txt/Vendas.txt,Engenharia_PY,Engenharia de Dados,,07.+Google+BigQuery\07. Google BigQuery\Arquivos\Origem\arquivos_txt,Vendas.txt,.txt,conteudo,375,64dd1d2dd864d439e2d3b31336f59ac2481ca5d74ef2662b104e33100b72ab70
Engenharia_PY/07.+Google+BigQuery/07. Google BigQuery/Arquivos/Origem/arquivos_excel/Consolidar/Vendas2021.xlsx,Engenharia_PY,Engenharia de Dados,,07.+Google+BigQuery\07. Google BigQuery\Arquivos\Origem\arquivos_excel\Consolidar,Vendas2021.xlsx,.xlsx,dado,31619,238eaa91902e8f39e351fadb86c7c9fc0a2fc273c3620d26eb4777724a4486f9
Engenharia_PY/07.+Google+BigQuery/07. Google BigQuery/Arquivos/Origem/arquivos_excel/Consolidar/Vendas2022.xlsx,Engenharia_PY,Engenharia de Dados,,07.+Google+BigQuery\07. Google BigQuery\Arquivos\Origem\arquivos_excel\Consolidar,Vendas2022.xlsx,.xlsx,dado,31371,5e78af598545743d74c7df8f817deaec32d08393db1f326bbfea36ba78b15dde
Engenharia_PY/07.+Google+BigQuery/07. Google BigQuery/Arquivos/Origem/arquivos_excel/Consolidar/Vendas2023.xlsx,Engenharia_PY,Engenharia de Dados,,07.+Google+BigQuery\07. Google BigQuery\Arquivos\Origem\arquivos_excel\Consolidar,Vendas2023.xlsx,.xlsx,dado,9079,74ef6f5ded1d0a53f2387992efa9d28f6243ae5c0517f9b48c0fab4c31f71326
Engenharia_PY/07.+Google+BigQuery/07. Google BigQuery/Arquivos/Origem/arquivos_excel/Consolidar/Arquivos consolidados/VendasGeraldelete.xlsx,Engenharia_PY,Engenharia de Dados,,07.+Google+BigQuery\07. Google BigQuery\Arquivos\Origem\arquivos_excel\Consolidar\Arquivos consolidados,VendasGeraldelete.xlsx,.xlsx,dado,24878,1a49975753752d45405cbdad2118d5fc92f3b4a96d12d5c140f9e13823e70f99
Engenharia_PY/07.+Google+BigQuery/07. Google BigQuery/Arquivos/Origem/arquivos_excel/Consolidar/Arquivos consolidados/VendasGeralteste.xlsx,Engenharia_PY,Engenharia de Dados,,07.+Google+BigQuery\07. Google BigQuery\Arquivos\Origem\arquivos_excel\Consolidar\Arquivos consolidados,VendasGeralteste.xlsx,.xlsx,dado,24878,cd62df3aa3c0f29dc54846f84263df129d959b5960cd513314a307bad94b8c7b
Engenharia_PY/07.+Google+BigQuery/07. Google BigQuery/Arquivos/Origem/arquivos_excel/Consolidar/Concat/VendasConcat.xlsx,Engenharia_PY,Engenharia de Dados,,07.+Google+BigQuery\07. Google BigQuery\Arquivos\Origem\arquivos_excel\Consolidar\Concat,VendasConcat.xlsx,.xlsx,dado,8131,2a96ae66ff99e744df5057b8cf46c0066f52347c66d157c571fc48a2a08ecf53
Engenharia_PY/07.+Google+BigQuery/07. Google BigQuery/Arquivos/Origem/arquivos_txt/Files/Despesas 01.txt,Engenharia_PY,Engenharia de Dados,,07.+Google+BigQuery\07. Google BigQuery\Arquivos\Origem\arquivos_txt\Files,Despesas 01.txt,.txt,conteudo,119,9387ac241989446413edea5f02a771a5698d3a8c165d2b05907ca3757ee8990d
Engenharia_PY/07.+Google+BigQuery/07. Google BigQuery/Arquivos/Origem/arquivos_txt/Files/Despesas 02.txt,Engenharia_PY,Engenharia de Dados,,07.+Google+BigQuery\07. Google BigQuery\Arquivos\Origem\arquivos_txt\Files,Despesas 02.txt,.txt,conteudo,119,9387ac241989446413edea5f02a771a5698d3a8c165d2b05907ca3757ee8990d
Engenharia_PY/07.+Google+BigQuery/07. Google BigQuery/Arquivos/Origem/arquivos_txt/Files/Despesas 03.txt,Engenharia_PY,Engenharia de Dados,,07.+Google+BigQuery\07. Google BigQuery\Arquivos\Origem\arquivos_txt\Files,Despesas 03.txt,.txt,conteudo,119,9387ac241989446413edea5f02a771a5698d3a8c165d2b05907ca3757ee8990d
Engenharia_PY/07.+Google+BigQuery/07. Google BigQuery/Arquivos/Origem/arquivos_txt/foreachtxt/items.xlsx,Engenharia_PY,Engenharia de Dados,,07.+Google+BigQuery\07. Google BigQuery\Arquivos\Origem\arquivos_txt\foreachtxt,items.xlsx,.xlsx,dado,1487954,41f83d86b9b74f734c09edaa645124779144d590ab76cc512cc4adeb812a65c9
Engenharia_PY/07.+Google+BigQuery/07. Google BigQuery/Arquivos/Origem/arquivos_txt/foreachtxt/teste2.txt,Engenharia_PY,Engenharia de Dados,,07.+Google+BigQuery\07. Google BigQuery\Arquivos\Origem\arquivos_txt\foreachtxt,teste2.txt,.txt,conteudo,375,64dd1d2dd864d439e2d3b31336f59ac2481ca5d74ef2662b104e33100b72ab70
Engenharia_PY/07.+Google+BigQuery/07. Google BigQuery/Arquivos/Origem/arquivos_txt/foreachtxt/Vendas - Copia (2) - Copia.txt,Engenharia_PY,Engenharia de Dados,,07.+Google+BigQuery\07. Google BigQuery\Arquivos\Origem\arquivos_txt\foreachtxt,Vendas - Copia (2) - Copia.txt,.txt,conteudo,375,64dd1d2dd864d439e2d3b31336f59ac2481ca5d74ef2662b104e33100b72ab70
Engenharia_PY/07.+Google+BigQuery/07. Google BigQuery/Arquivos/Origem/arquivos_txt/foreachtxt/Vendas - Copia (2).txt,Engenharia_PY,Engenharia de Dados,,07.+Google+BigQuery\07. Google BigQuery\Arquivos\Origem\arquivos_txt\foreachtxt,Vendas - Copia (2).txt,.txt,conteudo,375,64dd1d2dd864d439e2d3b31336f59ac2481ca5d74ef2662b104e33100b72ab70
Engenharia_PY/07.+Google+BigQuery/07. Google BigQuery/Arquivos/Origem/arquivos_txt/foreachtxt/Vendas - Copia (3) - Copia.txt,Engenharia_PY,Engenharia de Dados,,07.+Google+BigQuery\07. Google BigQuery\Arquivos\Origem\arquivos_txt\foreachtxt,Vendas - Copia (3) - Copia.txt,.txt,conteudo,375,64dd1d2dd864d439e2d3b31336f59ac2481ca5d74ef2662b104e33100b72ab70
Engenharia_PY/07.+Google+BigQuery/07. Google BigQuery/Arquivos/Origem/arquivos_txt/foreachtxt/Vendas - Copia (4) - Copia.txt,Engenharia_PY,Engenharia de Dados,,07.+Google+BigQuery\07. Google BigQuery\Arquivos\Origem\arquivos_txt\foreachtxt,Vendas - Copia (4) - Copia.txt,.txt,conteudo,375,64dd1d2dd864d439e2d3b31336f59ac2481ca5d74ef2662b104e33100b72ab70
Engenharia_PY/07.+Google+BigQuery/07. Google BigQuery/Arquivos/Origem/arquivos_txt/foreachtxt/Vendas - Copia (5) - Copia.txt,Engenharia_PY,Engenharia de Dados,,07.+Google+BigQuery\07. Google BigQuery\Arquivos\Origem\arquivos_txt\foreachtxt,Vendas - Copia (5) - Copia.txt,.txt,conteudo,375,64dd1d2dd864d439e2d3b31336f59ac2481ca5d74ef2662b104e33100b72ab70
Engenharia_PY/07.+Google+BigQuery/07. Google BigQuery/Arquivos/Origem/arquivos_txt/foreachtxt/Vendas - Copia.txt,Engenharia_PY,Engenharia de Dados,,07.+Google+BigQuery\07. Google BigQuery\Arquivos\Origem\arquivos_txt\foreachtxt,Vendas - Copia.txt,.txt,conteudo,375,64dd1d2dd864d439e2d3b31336f59ac2481ca5d74ef2662b104e33100b72ab70
Engenharia_PY/07.+Google+BigQuery/07. Google BigQuery/Arquivos/Origem/arquivos_txt/foreachtxt/Vendas.txt,Engenharia_PY,Engenharia de Dados,,07.+Google+BigQuery\07. Google BigQuery\Arquivos\Origem\arquivos_txt\foreachtxt,Vendas.txt,.txt,conteudo,375,64dd1d2dd864d439e2d3b31336f59ac2481ca5d74ef2662b104e33100b72ab70
Engenharia_PY/Automação+Web/Automação Web/1. Configurações.ipynb,Engenharia_PY,Engenharia de Dados,,Automação+Web\Automação Web,1. Configurações.ipynb,.ipynb,conteudo,5121,051b552a28b2e013e84f8caab7dd8acbfb2fca5cb237e2a55b8c8069f851c389
Engenharia_PY/Automação+Web/Automação Web/10. Web Drive Manual .ipynb,Engenharia_PY,Engenharia de Dados,,Automação+Web\Automação Web,10. Web Drive Manual .ipynb,.ipynb,conteudo,2891,c18388827dd48405592fe6a202708398fe4b28543b76f885660ad1e5bbd321d9
Engenharia_PY/Automação+Web/Automação Web/2. primeiros comandos Web.ipynb,Engenharia_PY,Engenharia de Dados,,Automação+Web\Automação Web,2. primeiros comandos Web.ipynb,.ipynb,conteudo,3192,d9ea121ebfc0b1dbda21813e24dc922ca601b03a8ccae542e2f31ad063dd4b06
Engenharia_PY/Automação+Web/Automação Web/3. preenchendo formulario.ipynb,Engenharia_PY,Engenharia de Dados,,Automação+Web\Automação Web,3. preenchendo formulario.ipynb,.ipynb,conteudo,3669,26fe8bc2f2d6355562968161069de33bd0abeed7fdd3d23e1b17e27a0bfad036
Engenharia_PY/Automação+Web/Automação Web/4. preenchendo formulario Origem Excel.ipynb,Engenharia_PY,Engenharia de Dados,,Automação+Web\Automação Web,4. preenchendo formulario Origem Excel.ipynb,.ipynb,conteudo,4405,5b557795ef65e63998e0e17ca1acd9d7c7573c5d98c48bc8ef080282800caae0
Engenharia_PY/Automação+Web/Automação Web/5. comandos teclados.ipynb,Engenharia_PY,Engenharia de Dados,,Automação+Web\Automação Web,5. comandos teclados.ipynb,.ipynb,conteudo,16552,875791d85b9dd45f1503c47ef02b99810a1351c0d5e86eff146598950f16eb3d
Engenharia_PY/Automação+Web/Automação Web/6. formulario Origem excel.ipynb,Engenharia_PY,Engenharia de Dados,,Automação+Web\Automação Web,6. formulario Origem excel.ipynb,.ipynb,conteudo,14370,48d3bb09c40ca080efdb2ef5c239b21e96a2b84a257cb775eb091a71a470446f
Engenharia_PY/Automação+Web/Automação Web/7. Selecionando pasta para dowload e deixando navegador oculto.ipynb,Engenharia_PY,Engenharia de Dados,,Automação+Web\Automação Web,7. Selecionando pasta para dowload e deixando navegador oculto.ipynb,.ipynb,conteudo,3108,1143d75b3c2cf634eddb9f46e16799b33c9505ba6f7d2143eb9fec7e5e9ded91
Engenharia_PY/Automação+Web/Automação Web/8. Baixando Audio e Video do Youtube.ipynb,Engenharia_PY,Engenharia de Dados,,Automação+Web\Automação Web,8. Baixando Audio e Video do Youtube.ipynb,.ipynb,conteudo,3165,0fc5913cdfa6bcabe528bc8924d3b11b36df99f0eaed8c1d66a99d01afdb16bd
Engenharia_PY/Automação+Web/Automação Web/9. Web Driver Automatico.ipynb,Engenharia_PY,Engenharia de Dados,,Automação+Web\Automação Web,9. Web Driver Automatico.ipynb,.ipynb,conteudo,17543,b96328cec770294a211b13f6d59ad2568bd2352776346477a392334a742a77f5
Engenharia_PY/Bikes/Bike/brands.csv,Engenharia_PY,Engenharia de Dados,,Bikes\Bike,brands.csv,.csv,dado,120,d259593f655c76850ae121cea7010e2802f847daabc08080d1e00793fddbbc2e
Engenharia_PY/Bikes/Bike/categories.csv,Engenharia_PY,Engenharia de Dados,,Bikes\Bike,categories.csv,.csv,dado,162,c5584d686e910e7709d474223c1db562426b32bd57e9780a21241e1870e2f7bc
Engenharia_PY/Bikes/Bike/customers.csv,Engenharia_PY,Engenharia de Dados,,Bikes\Bike,customers.csv,.csv,dado,127671,e1431dec458bbebed6d778134a837caa37b142cc80f5e0ab8dceff4737532e6d
Engenharia_PY/Bikes/Bike/orders.csv,Engenharia_PY,Engenharia de Dados,,Bikes\Bike,orders.csv,.csv,dado,77286,5b9c0c9468a57e3c2d3d11e6d94a6c4036c0922793f64e20090dee54aa6d9dee
Engenharia_PY/Bikes/Bike/order_items.csv,Engenharia_PY,Engenharia de Dados,,Bikes\Bike,order_items.csv,.csv,dado,112937,5df5c49ea195fd18a2c03d9f153e16594b41ab2bad4186f93835bbb1509b4381
Engenharia_PY/Bikes/Bike/products.csv,Engenharia_PY,Engenharia de Dados,,Bikes\Bike,products.csv,.csv,dado,17390,112630ab4c07f6c8220bef31de3d0e71138d4f006605e28beeb72acc78d11458
Engenharia_PY/Bikes/Bike/schema.png,Engenharia_PY,Engenharia de Dados,,Bikes\Bike,schema.png,.png,dado,12013,707ddfac6c8846102f66b3d64d40cc8cad448c353d5b33e43284f316835d2fb1
Engenharia_PY/Bikes/Bike/staffs.csv,Engenharia_PY,Engenharia de Dados,,Bikes\Bike,staffs.csv,.csv,dado,726,0670781a1aff34b723362577a68cf761fbe7e36d0283508c5392c5be57b3f81c
Engenharia_PY/Bikes/Bike/stocks.csv,Engenharia_PY,Engenharia de Dados,,Bikes\Bike,stocks.csv,.csv,dado,8773,337d4b486c3c65aeda9a1e5070ee437778919789d134365130a81d98154f7d67
Engenharia_PY/Bikes/Bike/stores.csv,Engenharia_PY,Engenharia de Dados,,Bikes\Bike,stores.csv,.csv,dado,330,394b5f1f8752fe6fb75d2246450f27013a31ddd7040287abcc51b9ca9e7ae8ad
Engenharia_PY/Material/Material Complementar/1.Tornar arquivo executavel,Engenharia_PY,Engenharia de Dados,,Material\Material Complementar,1.Tornar arquivo executavel,.tornar arquivo executavel,outro,1421,905a851d1bf2ee519166b7c66be6c7da26c8df6687ab37869c19a891341a54eb
Engenharia_PY/Material/Material Complementar/2.Agendador,Engenharia_PY,Engenharia de Dados,,Material\Material Complementar,2.Agendador,.agendador,outro,458,77ec5fdc3b119b3b69dbb6f550a26497766962a16f416579dea542ee8061187d
Engenharia_PY/Material/Material Complementar/Ambiente Virtual.spec,Engenharia_PY,Engenharia de Dados,,Material\Material Complementar,Ambiente Virtual.spec,.spec,outro,387,06bd3b4f81b92f7680ade85482d3b743e74804a820711000569ccef182627fa2
Engenharia_PY/Material/Material Complementar/Comandos Git .txt,Engenharia_PY,Engenharia de Dados,,Material\Material Complementar,Comandos Git .txt,.txt,conteudo,389,230af1752dd3005206b544f8f1eec7884a1b0fb0844de30545ad9e65956a8faf
Engenharia_PY/Material/Material Complementar/Resolvendo Erro remote Repository not found.txt,Engenharia_PY,Engenharia de Dados,,Material\Material Complementar,Resolvendo Erro remote Repository not found.txt,.txt,conteudo,369,e48553fc70fe836fa03b6cc29ef22a7d4f54f34d10d217fca7ead8632b7de788
Engenharia_PY/Material/Material Complementar/schedule agendador.ipynb,Engenharia_PY,Engenharia de Dados,,Material\Material Complementar,schedule agendador.ipynb,.ipynb,conteudo,4306,38f7408039a3322feabd7e842a63c92fa133a36e857d74781cdff761fec81963
Engenharia_PY/Outros+Arquivos/Outros Arquivos/desktop.ini,Engenharia_PY,Engenharia de Dados,,Outros+Arquivos\Outros Arquivos,desktop.ini,.ini,outro,106,e97078a22fda95403649d9427de7dbfe632278d73e3803f08cf6c428931b8bb8
Engenharia_PY/Outros+Arquivos/Outros Arquivos/Vendas2021.xlsx,Engenharia_PY,Engenharia de Dados,,Outros+Arquivos\Outros Arquivos,Vendas2021.xlsx,.xlsx,dado,31619,238eaa91902e8f39e351fadb86c7c9fc0a2fc273c3620d26eb4777724a4486f9
Engenharia_PY/Outros+Arquivos/Outros Arquivos/Vendas2022.xlsx,Engenharia_PY,Engenharia de Dados,,Outros+Arquivos\Outros Arquivos,Vendas2022.xlsx,.xlsx,dado,31371,5e78af598545743d74c7df8f817deaec32d08393db1f326bbfea36ba78b15dde
Engenharia_PY/Outros+Arquivos/Outros Arquivos/Vendas2023.xlsx,Engenharia_PY,Engenharia de Dados,,Outros+Arquivos\Outros Arquivos,Vendas2023.xlsx,.xlsx,dado,9079,74ef6f5ded1d0a53f2387992efa9d28f6243ae5c0517f9b48c0fab4c31f71326
Engenharia_PY/Outros+Arquivos/Outros Arquivos/Arquivos consolidados/VendasGeraldelete.xlsx,Engenharia_PY,Engenharia de Dados,,Outros+Arquivos\Outros Arquivos\Arquivos consolidados,VendasGeraldelete.xlsx,.xlsx,dado,24878,1a49975753752d45405cbdad2118d5fc92f3b4a96d12d5c140f9e13823e70f99
Engenharia_PY/Outros+Arquivos/Outros Arquivos/Arquivos consolidados/VendasGeralteste.xlsx,Engenharia_PY,Engenharia de Dados,,Outros+Arquivos\Outros Arquivos\Arquivos consolidados,VendasGeralteste.xlsx,.xlsx,dado,24878,cd62df3aa3c0f29dc54846f84263df129d959b5960cd513314a307bad94b8c7b
Engenharia_PY/Outros+Arquivos/Outros Arquivos/Concat/VendasConcat.xlsx,Engenharia_PY,Engenharia de Dados,,Outros+Arquivos\Outros Arquivos\Concat,VendasConcat.xlsx,.xlsx,dado,8131,2a96ae66ff99e744df5057b8cf46c0066f52347c66d157c571fc48a2a08ecf53
Engenharia_PY/Python+-+SGBDS/04. ETL Pandas/1.importando Excel.ipynb,Engenharia_PY,Engenharia de Dados,,Python+-+SGBDS\04. ETL Pandas,1.importando Excel.ipynb,.ipynb,conteudo,2807,8cf65a63d5d0bb81e582c2a5c4d9a5325da4c25059631261b4e89e2cd3fe0f53
Engenharia_PY/Python+-+SGBDS/04. ETL Pandas/10.selecionando Algumas colunas.ipynb,Engenharia_PY,Engenharia de Dados,,Python+-+SGBDS\04. ETL Pandas,10.selecionando Algumas colunas.ipynb,.ipynb,conteudo,20100,b0d907d9686c19d4db4ffb6db45c06bf7978e964f38cf8329071cf919dad7eea
Engenharia_PY/Python+-+SGBDS/04. ETL Pandas/11. removendo duplicados.ipynb,Engenharia_PY,Engenharia de Dados,,Python+-+SGBDS\04. ETL Pandas,11. removendo duplicados.ipynb,.ipynb,conteudo,3154,ae58e1076f06791a69ed16141b1155cc972684e8d459ac62700fb9031438923e
Engenharia_PY/Python+-+SGBDS/04. ETL Pandas/12. Renomear Colunas e Ordenando Dados .ipynb,Engenharia_PY,Engenharia de Dados,,Python+-+SGBDS\04. ETL Pandas,12. Renomear Colunas e Ordenando Dados .ipynb,.ipynb,conteudo,11107,dba4fdd2f1cb5607bafea0faa8f1561874a0c513e155076d3c0a6186e443f8f5
Engenharia_PY/Python+-+SGBDS/04. ETL Pandas/2.importando Excel CSV copy.ipynb,Engenharia_PY,Engenharia de Dados,,Python+-+SGBDS\04. ETL Pandas,2.importando Excel CSV copy.ipynb,.ipynb,conteudo,11290,2c5d43a762bf1cda72d1408b0a22bb4ca0611c728a6de25d00cde2786ac0d2e3
Engenharia_PY/Python+-+SGBDS/04. ETL Pandas/3.consolidando arquivos .ipynb,Engenharia_PY,Engenharia de Dados,,Python+-+SGBDS\04. ETL Pandas,3.consolidando arquivos .ipynb,.ipynb,conteudo,6157,c158d87b493745b079b74925da1148bf3e85f3939fd422e127796ff34458e88d
Engenharia_PY/Python+-+SGBDS/04. ETL Pandas/4.Cosolidando arquivos e incluindo dados.ipynb,Engenharia_PY,Engenharia de Dados,,Python+-+SGBDS\04. ETL Pandas,4.Cosolidando arquivos e incluindo dados.ipynb,.ipynb,conteudo,2678,f4a0a21eb77b54f79bacc3f21dfbf7fafad9a8cafd4fa3455e425845d50a5c9c
Engenharia_PY/Python+-+SGBDS/04. ETL Pandas/5.Cosolidando arquivos e subistituindo Destino copy.ipynb,Engenharia_PY,Engenharia de Dados,,Python+-+SGBDS\04. ETL Pandas,5.Cosolidando arquivos e subistituindo Destino copy.ipynb,.ipynb,conteudo,2471,d27b5cd25d526286850f04be590e2df77899206dcece64f61fbd0836d0e6b9b5
Engenharia_PY/Python+-+SGBDS/04. ETL Pandas/6.conectando Python ao Power BI.ipynb,Engenharia_PY,Engenharia de Dados,,Python+-+SGBDS\04. ETL Pandas,6.conectando Python ao Power BI.ipynb,.ipynb,conteudo,10866,355566f5627380d307e473014bbbfc1f45260723f679091774938d46dc38bc76
Engenharia_PY/Python+-+SGBDS/04. ETL Pandas/7.Conversao de dados.ipynb,Engenharia_PY,Engenharia de Dados,,Python+-+SGBDS\04. ETL Pandas,7.Conversao de dados.ipynb,.ipynb,conteudo,6180,adf4437cb24b014fb8a241e9a7109048bcbdff88ed93178fbbf6c12a75f48a8d
Engenharia_PY/Python+-+SGBDS/04. ETL Pandas/8. inserindo novas colunas .ipynb,Engenharia_PY,Engenharia de Dados,,Python+-+SGBDS\04. ETL Pandas,8. inserindo novas colunas .ipynb,.ipynb,conteudo,123118,21e11587ceb2130f4bfbc0f58e25f4397ee0fe5b6a8c8ff7c676d6a802387060
Engenharia_PY/Python+-+SGBDS/04. ETL Pandas/9. Excel varias guias .ipynb,Engenharia_PY,Engenharia de Dados,,Python+-+SGBDS\04. ETL Pandas,9. Excel varias guias .ipynb,.ipynb,conteudo,6479,f365736cce65928a53f0c7168a8cd107161bb99acb4a86a13570fb56f15a4538
Engenharia_PY/Python+-+SGBDS/05. SQL Server/14.Importando DF para SQL Server.ipynb,Engenharia_PY,Engenharia de Dados,,Python+-+SGBDS\05. SQL Server,14.Importando DF para SQL Server.ipynb,.ipynb,conteudo,10596,3feb0f358ddca1bee07e9818734fb1b2e7c421f1e470024c724660abd4c12d8f
Engenharia_PY/Python+-+SGBDS/05. SQL Server/15.Importando DF para SQL Server resumida .ipynb,Engenharia_PY,Engenharia de Dados,,Python+-+SGBDS\05. SQL Server,15.Importando DF para SQL Server resumida .ipynb,.ipynb,conteudo,2275,9a4ecd647d6af71d24e1a4839244153a439753e7ccf27661125ec30b66fa7d28
Engenharia_PY/Python+-+SGBDS/05. SQL Server/16.Carga TB categoria.ipynb,Engenharia_PY,Engenharia de Dados,,Python+-+SGBDS\05. SQL Server,16.Carga TB categoria.ipynb,.ipynb,conteudo,2961,58f72533c1989cfb5e8ef94ed250f61db7b70eef43e90e0645bcae013aaaec90
Engenharia_PY/Python+-+SGBDS/05. SQL Server/17.Carga TB Items .ipynb,Engenharia_PY,Engenharia de Dados,,Python+-+SGBDS\05. SQL Server,17.Carga TB Items .ipynb,.ipynb,conteudo,4167,c90bccf1d60dc389dcd6fac16f078d73976a9f1beebe860bd8d1bb9289781b69
Engenharia_PY/Python+-+SGBDS/05. SQL Server/18.Carga TB Ordens.ipynb,Engenharia_PY,Engenharia de Dados,,Python+-+SGBDS\05. SQL Server,18.Carga TB Ordens.ipynb,.ipynb,conteudo,3664,4fa4493d2b69d473a592efed67e1d315c511c6bdf8f6ea8b8b79c033a12d6d8d
Engenharia_PY/Python+-+SGBDS/05. SQL Server/19.Carga TB Clientes .ipynb,Engenharia_PY,Engenharia de Dados,,Python+-+SGBDS\05. SQL Server,19.Carga TB Clientes .ipynb,.ipynb,conteudo,10965,1be6091ace9eaa20e121f9cef4bfda1f2ff0bf1b586ecc85e28fa68351eae196
Engenharia_PY/Python+-+SGBDS/05. SQL Server/20.Carga Varias tabelas.ipynb,Engenharia_PY,Engenharia de Dados,,Python+-+SGBDS\05. SQL Server,20.Carga Varias tabelas.ipynb,.ipynb,conteudo,31262,681ee45dac2b44d91414f69888a0cc89d3b6bf4a40c31ab5fa8ce2b2a0bc1358
Engenharia_PY/Python+-+SGBDS/05. SQL Server/21. Querys SQL .ipynb,Engenharia_PY,Engenharia de Dados,,Python+-+SGBDS\05. SQL Server,21. Querys SQL .ipynb,.ipynb,conteudo,1566,450c19d96a054ab419a416a536ccca5f2f24ef2bf713a41062f3e025dd2358e5
Engenharia_PY/Python+-+SGBDS/05. SQL Server/22.Query Avançada.ipynb,Engenharia_PY,Engenharia de Dados,,Python+-+SGBDS\05. SQL Server,22.Query Avançada.ipynb,.ipynb,conteudo,10934,5f22ae13852c365f19d5e668aa697ab04c6d2811d31886c54b229fef063ca271
Engenharia_PY/Python+-+SGBDS/05. SQL Server/23.Merge junção de tabelas .ipynb,Engenharia_PY,Engenharia de Dados,,Python+-+SGBDS\05. SQL Server,23.Merge junção de tabelas .ipynb,.ipynb,conteudo,995504,b5d24b1a04d125abe238a60912e27c45590ef1bc279754cb4eca6922fcbadbda
Engenharia_PY/Python+-+SGBDS/05. SQL Server/24.Concat Consolidando dados.ipynb,Engenharia_PY,Engenharia de Dados,,Python+-+SGBDS\05. SQL Server,24.Concat Consolidando dados.ipynb,.ipynb,conteudo,42638,3bbc3a255ec4b8a4bd8cd3a3a3ecc1c125cd858f03f8180df9382c94ee91c05a
Engenharia_PY/Python+-+SGBDS/05. SQL Server/25.Informçoes bancos diferentes.ipynb,Engenharia_PY,Engenharia de Dados,,Python+-+SGBDS\05. SQL Server,25.Informçoes bancos diferentes.ipynb,.ipynb,conteudo,19914,a5b7fa48cb80fca7f6efe6c96bf6c0ae7db08c0b8b8c1d806ee0b95e5500b885
Engenharia_PY/Python+-+SGBDS/05. SQL Server/26. executavel.ipynb,Engenharia_PY,Engenharia de Dados,,Python+-+SGBDS\05. SQL Server,26. executavel.ipynb,.ipynb,conteudo,1496,1b59b934def04cb392eb7343de52e0b855f07da0e333e2315d307cd27b877c56
Engenharia_PY/Python+-+SGBDS/05. SQL Server/26.Importando DF para SQL Server resumida  copy.ipynb,Engenharia_PY,Engenharia de Dados,,Python+-+SGBDS\05. SQL Server,26.Importando DF para SQL Server resumida  copy.ipynb,.ipynb,conteudo,2364,a954809f044a991c51e620eedf825b61cd827fa88ba625cac497ad4c5b22e4e9
Engenharia_PY/Python+-+SGBDS/05. SQL Server/26.Importando DF para SQL Server resumida.ipynb,Engenharia_PY,Engenharia de Dados,,Python+-+SGBDS\05. SQL Server,26.Importando DF para SQL Server resumida.ipynb,.ipynb,conteudo,2347,610ba706937229cad01eae220c2b7862c20d6feb216187ed1045459fa9a738d8
Engenharia_PY/Python+-+SGBDS/05. SQL Server/27.agendador em loop.ipynb,Engenharia_PY,Engenharia de Dados,,Python+-+SGBDS\05. SQL Server,27.agendador em loop.ipynb,.ipynb,conteudo,6739,3f11b0e5255cf088d3ae1bb81172c20c3c022a85f311c85cbe74fb5223ef83ee
Engenharia_PY/Python+-+SGBDS/05. SQL Server/28. Conexão Python SQLAlchemy SQL Server.ipynb,Engenharia_PY,Engenharia de Dados,,Python+-+SGBDS\05. SQL Server,28. Conexão Python SQLAlchemy SQL Server.ipynb,.ipynb,conteudo,11663,1df618df82c174b45e259c58691941eb7f24b892dee4ffe7148f3768c598e91e
Engenharia_PY/Python+-+SGBDS/05. SQL Server/29. Python SQLAlchemy SQL Server enviando dados para Banco .ipynb,Engenharia_PY,Engenharia de Dados,,Python+-+SGBDS\05. SQL Server,29. Python SQLAlchemy SQL Server enviando dados para Banco .ipynb,.ipynb,conteudo,7770,e4636b95bbbe33f60273ee75045a64446e970b1494a08ad18314ab965bc6d6fc
Engenharia_PY/Python+-+SGBDS/05. SQL Server/30.Executando comando transact- SQL em Python .ipynb,Engenharia_PY,Engenharia de Dados,,Python+-+SGBDS\05. SQL Server,30.Executando comando transact- SQL em Python .ipynb,.ipynb,conteudo,6205,051c30b679c24b4d93f43f5ad39971403f2ebcadfc418cc0c1b7d70e87c73f28
Engenharia_PY/Python+-+SGBDS/06. APIS/01. Conexão com API.ipynb,Engenharia_PY,Engenharia de Dados,,Python+-+SGBDS\06. APIS,01. Conexão com API.ipynb,.ipynb,conteudo,20787,7502c5d81b6bf0bd2fa5f9c5389d116079011a7d145373994cf0fef95f6124c7
Engenharia_PY/Python+-+SGBDS/06. APIS/02. API  Selecionando Algumas Colunas.ipynb,Engenharia_PY,Engenharia de Dados,,Python+-+SGBDS\06. APIS,02. API  Selecionando Algumas Colunas.ipynb,.ipynb,conteudo,37078,aabb85c905a8d14bae968f4d78920ae9ce90b86b2e17a3cc5f7c3acf1cb9725e
Engenharia_PY/Python+-+SGBDS/06. APIS/03. Atribuindo variaveis a API.ipynb,Engenharia_PY,Engenharia de Dados,,Python+-+SGBDS\06. APIS,03. Atribuindo variaveis a API.ipynb,.ipynb,conteudo,5524,fe68e4f0f3ff6ba1e460b90126689310b7fc4293671df847496e92228f342040
Engenharia_PY/Python+-+SGBDS/06. APIS/04. Query Builder.ipynb,Engenharia_PY,Engenharia de Dados,,Python+-+SGBDS\06. APIS,04. Query Builder.ipynb,.ipynb,conteudo,12459,a380a2ec8a896cd1a383a0759a36b7d7e661de0fcf9fcb06b0ef72b485daa34a
Engenharia_PY/Python+-+SGBDS/06. APIS/05. API IBGE inserindo dados MongoDB.ipynb,Engenharia_PY,Engenharia de Dados,,Python+-+SGBDS\06. APIS,05. API IBGE inserindo dados MongoDB.ipynb,.ipynb,conteudo,406976,34ce57897250c4b6039e7ed3a71c5f98296bd9d39867f299d23edfb7a497d05c
Engenharia_PY/Python+-+SGBDS/06. APIS/06. Inserindo Dados em MongoDB com Python Dataframe.ipynb,Engenharia_PY,Engenharia de Dados,,Python+-+SGBDS\06. APIS,06. Inserindo Dados em MongoDB com Python Dataframe.ipynb,.ipynb,conteudo,407681,1546dc461b3e3d35d98f125b851bc8a0ff1dbe40b874ef8e861ebfb77795ce29
Engenharia_PY/Python+-+SGBDS/07. Google BigQuery/1.Conexão com Autentificador Físico.ipynb,Engenharia_PY,Engenharia de Dados,,Python+-+SGBDS\07. Google BigQuery,1.Conexão com Autentificador Físico.ipynb,.ipynb,conteudo,4462,f2de2fe31e58ba1a9748204df221f3dfdd4f1f72b05bfdcec7bb3ea35d70062c
Engenharia_PY/Python+-+SGBDS/07. Google BigQuery/10.Consulta SQL em DatFlame.ipynb,Engenharia_PY,Engenharia de Dados,,Python+-+SGBDS\07. Google BigQuery,10.Consulta SQL em DatFlame.ipynb,.ipynb,conteudo,25672,d7e877793f5d871ca78fc8f5ad3aaad777f92a5e0dd9d9d48d21d0039bccfcad
Engenharia_PY/Python+-+SGBDS/07. Google BigQuery/11.Conexão com Google Sheets.ipynb,Engenharia_PY,Engenharia de Dados,,Python+-+SGBDS\07. Google BigQuery,11.Conexão com Google Sheets.ipynb,.ipynb,conteudo,9249,d0ed6945076868bde9d31535f4df2a939fbdec49a3c2cfcbd91e5b673b9bcef9
Engenharia_PY/Python+-+SGBDS/07. Google BigQuery/2.Conexão com Autentificador Físico Estruturado.ipynb,Engenharia_PY,Engenharia de Dados,,Python+-+SGBDS\07. Google BigQuery,2.Conexão com Autentificador Físico Estruturado.ipynb,.ipynb,conteudo,7751,1833618845ad7c2c14d40196c0ca53b7217d04722681d85cef1888c784177ddb
Engenharia_PY/Python+-+SGBDS/07. Google BigQuery/3.Conexão com Auyth2 Variavel.ipynb,Engenharia_PY,Engenharia de Dados,,Python+-+SGBDS\07. Google BigQuery,3.Conexão com Auyth2 Variavel.ipynb,.ipynb,conteudo,2175,a94d4c7a966ef7ab597e599d4a3433b796458c8c9773e73f5c09683513615b81
Engenharia_PY/Python+-+SGBDS/07. Google BigQuery/4.Carregando Dados para o Google BigQuery.ipynb,Engenharia_PY,Engenharia de Dados,,Python+-+SGBDS\07. Google BigQuery,4.Carregando Dados para o Google BigQuery.ipynb,.ipynb,conteudo,2162,e55a66897bfa16be85e155ac5ec1d389d5040fa91fbe820ab63c1caeb6a1fcaf
Engenharia_PY/Python+-+SGBDS/07. Google BigQuery/5.Carregando Dados para o Bigquery Variavel.ipynb,Engenharia_PY,Engenharia de Dados,,Python+-+SGBDS\07. Google BigQuery,5.Carregando Dados para o Bigquery Variavel.ipynb,.ipynb,conteudo,1951,39f313bccef326a2652e013df1d5b150280fcefcde6c092820b4d532d6d0e4b1
Engenharia_PY/Python+-+SGBDS/07. Google BigQuery/6.Carregando varios arquivos.ipynb,Engenharia_PY,Engenharia de Dados,,Python+-+SGBDS\07. Google BigQuery,6.Carregando varios arquivos.ipynb,.ipynb,conteudo,4250,bbf89e9bab1614f41ccd673c12f1d6b508caa7ea384e4268e1760b483bdb2c42
Engenharia_PY/Python+-+SGBDS/07. Google BigQuery/7.Extraindo Varios arquivos.ipynb,Engenharia_PY,Engenharia de Dados,,Python+-+SGBDS\07. Google BigQuery,7.Extraindo Varios arquivos.ipynb,.ipynb,conteudo,3770,e5c515103643a66003bbda23d22c4c45cdfc3e33be222409cf935c10b8d36641
Engenharia_PY/Python+-+SGBDS/07. Google BigQuery/8.executar comando antes da carga.ipynb,Engenharia_PY,Engenharia de Dados,,Python+-+SGBDS\07. Google BigQuery,8.executar comando antes da carga.ipynb,.ipynb,conteudo,5639,64dd237dc6f7e82dac568ca4320e83a1bc767660346d924b5739fff6d4f27059
Engenharia_PY/Python+-+SGBDS/07. Google BigQuery/9.Mantendo histórico de base.ipynb,Engenharia_PY,Engenharia de Dados,,Python+-+SGBDS\07. Google BigQuery,9.Mantendo histórico de base.ipynb,.ipynb,conteudo,30757,36f80dfee6e2dcb31b0eb4d994c78fea74ab84c6e1de09b70ee0edaa55b557a4
Engenharia_PY/Python+-+SGBDS/08.MongoDB/02. .ipynb,Engenharia_PY,Engenharia de Dados,,Python+-+SGBDS\08.MongoDB,02. .ipynb,.ipynb,conteudo,1786636,6db80b1bd213bb228b53b3f759d625c758ff22ca44b52549f1c884f0c9b4f8a5
Engenharia_PY/Python+-+SGBDS/01. Postgree/1.Scripts/01. Bibliotecas padrao.ipynb,Engenharia_PY,Engenharia de Dados,,Python+-+SGBDS\01. Postgree\1.Scripts,01. Bibliotecas padrao.ipynb,.ipynb,conteudo,581,56b50792ba7c8481a4d614549952ee71e28842006e77b50fa065d300c6cb7ecb
Engenharia_PY/Python+-+SGBDS/01. Postgree/1.Scripts/02. Padrão Conexão com Postgre.ipynb,Engenharia_PY,Engenharia de Dados,,Python+-+SGBDS\01. Postgree\1.Scripts,02. Padrão Conexão com Postgre.ipynb,.ipynb,conteudo,1961,bc073e82a6ce564fcbd882026ee773f02cfa24e7d1d88a196b6ea946638086dd
Engenharia_PY/Python+-+SGBDS/01. Postgree/1.Scripts/03. Lendo Arquivo Json.ipynb,Engenharia_PY,Engenharia de Dados,,Python+-+SGBDS\01. Postgree\1.Scripts,03. Lendo Arquivo Json.ipynb,.ipynb,conteudo,14100,dc5b9b751ad78d28722e86d148e888dfeaa7e23a7ddc746eb41bcf4b5458d408
Engenharia_PY/Python+-+SGBDS/01. Postgree/1.Scripts/04. Enviando Dados para o Postgree.ipynb,Engenharia_PY,Engenharia de Dados,,Python+-+SGBDS\01. Postgree\1.Scripts,04. Enviando Dados para o Postgree.ipynb,.ipynb,conteudo,4595,18167d3c611cc1539326ce976c9f41d6fada0bf9966f1d6f297209b82527f36c
Engenharia_PY/Python+-+SGBDS/01. Postgree/1.Scripts/05. Enviando Dados para o Postgree (Refaturado).ipynb,Engenharia_PY,Engenharia de Dados,,Python+-+SGBDS\01. Postgree\1.Scripts,05. Enviando Dados para o Postgree (Refaturado).ipynb,.ipynb,conteudo,2985,675e607d19cf074e5f4aff298e761113460a468cf66e34e5914c468b57d6e261
Engenharia_PY/Python+-+SGBDS/01. Postgree/1.Scripts/06. Enviando Dados para o Postgree (Colunas Distintas).ipynb,Engenharia_PY,Engenharia de Dados,,Python+-+SGBDS\01. Postgree\1.Scripts,06. Enviando Dados para o Postgree (Colunas Distintas).ipynb,.ipynb,conteudo,12851,67ba3c6741568275531864154a6b158203eda80337de1025491613f84ec01591
Engenharia_PY/Python+-+SGBDS/01. Postgree/1.Scripts/07. Enviando dados para Postgree com sqlalchemy.ipynb,Engenharia_PY,Engenharia de Dados,,Python+-+SGBDS\01. Postgree\1.Scripts,07. Enviando dados para Postgree com sqlalchemy.ipynb,.ipynb,conteudo,20970,42e01edc24f2e3f8eaf8b6e0a03620b2ee3a5d18c876d44d7eb6abde2986af44
Engenharia_PY/Python+-+SGBDS/01. Postgree/1.Scripts/08. Carga incremental por ano  .ipynb,Engenharia_PY,Engenharia de Dados,,Python+-+SGBDS\01. Postgree\1.Scripts,08. Carga incremental por ano  .ipynb,.ipynb,conteudo,3437,1d2c5440863fd30588d857dbab22fb8a1755119971d1bd0bc0fee03246ecaa6f
Engenharia_PY/Python+-+SGBDS/01. Postgree/1.Scripts/09. Carga incremental por ano (Refaturado).ipynb,Engenharia_PY,Engenharia de Dados,,Python+-+SGBDS\01. Postgree\1.Scripts,09. Carga incremental por ano (Refaturado).ipynb,.ipynb,conteudo,2965,b1b387159ada79c5b215f2b5839297c0f8bbdc8b7e35953d04aba2254c58b758
Engenharia_PY/Python+-+SGBDS/01. Postgree/1.Scripts/10. Carga incremental 3 ultimos meses(Refaturado).ipynb,Engenharia_PY,Engenharia de Dados,,Python+-+SGBDS\01. Postgree\1.Scripts,10. Carga incremental 3 ultimos meses(Refaturado).ipynb,.ipynb,conteudo,5475,3752ca6c043e40fda8fe2bc8092c687ec8363854a2fd523266fac257770a96d8
Engenharia_PY/Python+-+SGBDS/01. Postgree/1.Scripts/11. importando Consulta SQL para Python.ipynb,Engenharia_PY,Engenharia de Dados,,Python+-+SGBDS\01. Postgree\1.Scripts,11. importando Consulta SQL para Python.ipynb,.ipynb,conteudo,9930,460a795fa0526d8a80d2068a4b3b3d052c2ebc30c79639d951dc31ab38887829
Engenharia_PY/Python+-+SGBDS/01. Postgree/1.Scripts/12.Salvando Dataframe em varios destinos.ipynb,Engenharia_PY,Engenharia de Dados,,Python+-+SGBDS\01. Postgree\1.Scripts,12.Salvando Dataframe em varios destinos.ipynb,.ipynb,conteudo,12941,ff06352822acd0f880e10e888289559e9f87d22ad6a16245751af0ec505c3535
Engenharia_PY/Python+-+SGBDS/01. Postgree/1.Scripts/13.Lendo arquivos de varios Formatos.ipynb,Engenharia_PY,Engenharia de Dados,,Python+-+SGBDS\01. Postgree\1.Scripts,13.Lendo arquivos de varios Formatos.ipynb,.ipynb,conteudo,4520,5f6c8c9ee8e12d8a96d639ed6118fecf60eea1beaa8bd8a814152f3bea8a0c62
Engenharia_PY/Python+-+SGBDS/01. Postgree/2.Arquivos Formato PY/4. Enviando Dados para o Postgree (Refaturado).py,Engenharia_PY,Engenharia de Dados,,Python+-+SGBDS\01. Postgree\2.Arquivos Formato PY,4. Enviando Dados para o Postgree (Refaturado).py,.py,conteudo,1718,21ac99f2ef83cfda12abf09d089047b78225fc6d406f1069d203c346146955d0
Engenharia_PY/Python+-+SGBDS/01. Postgree/3.Referencias/Ambiente Virtual.py,Engenharia_PY,Engenharia de Dados,,Python+-+SGBDS\01. Postgree\3.Referencias,Ambiente Virtual.py,.py,conteudo,267,9436e0c7308487b8d2ac983f4d56f12c361df8000b138401cd8a0d45c3fe67ad
Engenharia_PY/Python+-+SGBDS/01. Postgree/3.Referencias/Referencias Web.txt,Engenharia_PY,Engenharia de Dados,,Python+-+SGBDS\01. Postgree\3.Referencias,Referencias Web.txt,.txt,conteudo,229,801da8b22a7a1b16b2c51057a2b75bd9cf6160eb48620fdb17fef6c59d2e6eeb
Engenharia_PY/Python+-+SGBDS/01. Postgree/4.Transact-SQL/10. Carga incremental 3 ultimos meses(Refaturado).sql,Engenharia_PY,Engenharia de Dados,,Python+-+SGBDS\01. Postgree\4.Transact-SQL,10. Carga incremental 3 ultimos meses(Refaturado).sql,.sql,conteudo,552,9e32127643a3951c3c2655d068bb183c8f528de26cd5c2f64c97be524ed59232
Engenharia_PY/Python+-+SGBDS/01. Postgree/4.Transact-SQL/4. Enviando Dados para o Postgree.sql,Engenharia_PY,Engenharia de Dados,,Python+-+SGBDS\01. Postgree\4.Transact-SQL,4. Enviando Dados para o Postgree.sql,.sql,conteudo,650,fdc34d7e499d2b52e5dafc892042c4d2bbfd5f8f03f0df6c81c225f126fe78ea
Engenharia_PY/Python+-+SGBDS/01. Postgree/4.Transact-SQL/6. Enviando Dados para o Postgree (Colunas Distintas).sql,Engenharia_PY,Engenharia de Dados,,Python+-+SGBDS\01. Postgree\4.Transact-SQL,6. Enviando Dados para o Postgree (Colunas Distintas).sql,.sql,conteudo,457,41a39fdae6a74822121671f01419bca2135ba065e994729703ba60c2bbae2ece
Engenharia_PY/Python+-+SGBDS/01. Postgree/4.Transact-SQL/8. Carga incremental por ano .sql,Engenharia_PY,Engenharia de Dados,,Python+-+SGBDS\01. Postgree\4.Transact-SQL,8. Carga incremental por ano .sql,.sql,conteudo,662,de06567ec62d2f5da9b4bbfcebeda270b027a674cdc2e40a3744524208410716
Engenharia_PY/Python+-+SGBDS/02. MySQL/1. Scripts/01. Bibliotecas padrao.ipynb,Engenharia_PY,Engenharia de Dados,,Python+-+SGBDS\02. MySQL\1. Scripts,01. Bibliotecas padrao.ipynb,.ipynb,conteudo,842,84e9ca89b6b58de210e5adbab88b802feb8c2da0791bb25c6dc47a660cef5d68
Engenharia_PY/Python+-+SGBDS/02. MySQL/1. Scripts/02. Padrão Conexão com MySQL.ipynb,Engenharia_PY,Engenharia de Dados,,Python+-+SGBDS\02. MySQL\1. Scripts,02. Padrão Conexão com MySQL.ipynb,.ipynb,conteudo,2387,9915cc4eaa1a5b29d9ee4c8dc88e5786a278d7b6dcb94a6d9e3122e7219f4198
Engenharia_PY/Python+-+SGBDS/02. MySQL/1. Scripts/03. Conectando Python com MySQL Rodando Query.ipynb,Engenharia_PY,Engenharia de Dados,,Python+-+SGBDS\02. MySQL\1. Scripts,03. Conectando Python com MySQL Rodando Query.ipynb,.ipynb,conteudo,4192,67ac57295d4984833bac3dbf5c8885cb49891423635d11c8a82c110a02757dfa
Engenharia_PY/Python+-+SGBDS/02. MySQL/1. Scripts/04. ultilizando Cursor para executar comandos MySQL.ipynb,Engenharia_PY,Engenharia de Dados,,Python+-+SGBDS\02. MySQL\1. Scripts,04. ultilizando Cursor para executar comandos MySQL.ipynb,.ipynb,conteudo,1426,2ca39891170d02e971f8d368792b99d2f2fed032b15c17bd367ee048ec59c606
Engenharia_PY/Python+-+SGBDS/02. MySQL/1. Scripts/05. Inserindo Dados de Dataframe Python no MySQL.ipynb,Engenharia_PY,Engenharia de Dados,,Python+-+SGBDS\02. MySQL\1. Scripts,05. Inserindo Dados de Dataframe Python no MySQL.ipynb,.ipynb,conteudo,3784,f36667cb69e8054f249428601d82c92a69a76b980b99e014047521219dd69950
Engenharia_PY/Python+-+SGBDS/02. MySQL/1. Scripts/06. validando Dados Chave Primaria antes de realizar a carga.ipynb,Engenharia_PY,Engenharia de Dados,,Python+-+SGBDS\02. MySQL\1. Scripts,06. validando Dados Chave Primaria antes de realizar a carga.ipynb,.ipynb,conteudo,4281,a7a7ddba99bdce72c109eef9bc2841c39353391120de99a76b35d66a64106b0c
Engenharia_PY/Python+-+SGBDS/02. MySQL/1. Scripts/07. Organizando código e Criando funções em Python.ipynb,Engenharia_PY,Engenharia de Dados,,Python+-+SGBDS\02. MySQL\1. Scripts,07. Organizando código e Criando funções em Python.ipynb,.ipynb,conteudo,2114,9c6b001ba90224027a95e64c0a3a431b85c975a2841daa6d3db0c1ee00d1dd98
Engenharia_PY/Python+-+SGBDS/02. MySQL/1. Scripts/08. Carga de varias Tabelas.ipynb,Engenharia_PY,Engenharia de Dados,,Python+-+SGBDS\02. MySQL\1. Scripts,08. Carga de varias Tabelas.ipynb,.ipynb,conteudo,12435,b8c22ca3f9adfdca5f480eed842eec9d68a40b410b4ed946e16d36954e53ec58
Engenharia_PY/Python+-+SGBDS/02. MySQL/1. Scripts/09. Carga de varias Tabelas formato Python.py,Engenharia_PY,Engenharia de Dados,,Python+-+SGBDS\02. MySQL\1. Scripts,09. Carga de varias Tabelas formato Python.py,.py,conteudo,9824,a9526bacbbe7bc9ff9adb4952311a7fe5b64f13e607d3421477cf79f9a6b5732
Engenharia_PY/Python+-+SGBDS/02. MySQL/1. Scripts/10. Conexão Mysql sqlalchemy.ipynb,Engenharia_PY,Engenharia de Dados,,Python+-+SGBDS\02. MySQL\1. Scripts,10. Conexão Mysql sqlalchemy.ipynb,.ipynb,conteudo,14448,a600eaa703441ca56f9a401624958ace99153d7b8457d91954059d90e58a4d8e
Engenharia_PY/Python+-+SGBDS/02. MySQL/1. Scripts/11. Conexão Mysql sqlalchemy enviando dados para MySQL.ipynb,Engenharia_PY,Engenharia de Dados,,Python+-+SGBDS\02. MySQL\1. Scripts,11. Conexão Mysql sqlalchemy enviando dados para MySQL.ipynb,.ipynb,conteudo,9804,9f99c8545b2fa55ffde46285fe6f290cb768d75bda6c655f257d8170119060ec
Engenharia_PY/Python+-+SGBDS/02. MySQL/1. Scripts/12.Migração de Bancos de dados diferentes PostgreSQL - MySQL.ipynb,Engenharia_PY,Engenharia de Dados,,Python+-+SGBDS\02. MySQL\1. Scripts,12.Migração de Bancos de dados diferentes PostgreSQL - MySQL.ipynb,.ipynb,conteudo,8911,5c79852a710323c2be092cd94a1480d67bf5b4dbfc17f3b1abb7cb95d61c1e31
Engenharia_PY/Python+-+SGBDS/02. MySQL/1. Scripts/13.Migração de Bancos de dados diferentes PostgreSQL - MySQL  Refaturado.ipynb,Engenharia_PY,Engenharia de Dados,,Python+-+SGBDS\02. MySQL\1. Scripts,13.Migração de Bancos de dados diferentes PostgreSQL - MySQL  Refaturado.ipynb,.ipynb,conteudo,1928,38188792ad09644870fddfd51ae782befc8ccc72c771ac74d1e44801abda82d5
Engenharia_PY/Python+-+SGBDS/02. MySQL/1. Scripts/14.Migração de Bancos de dados diferentes  MySQL  - PostgreSQL .ipynb,Engenharia_PY,Engenharia de Dados,,Python+-+SGBDS\02. MySQL\1. Scripts,14.Migração de Bancos de dados diferentes  MySQL  - PostgreSQL .ipynb,.ipynb,conteudo,1772,4fd8f8a940f2c64b29e55e0d6cec9e45d30f25310c7b2976d63f3b00e8e349f6
Engenharia_PY/Python+-+SGBDS/02. MySQL/2. Referencias/Ambiente Virtual.py,Engenharia_PY,Engenharia de Dados,,Python+-+SGBDS\02. MySQL\2. Referencias,Ambiente Virtual.py,.py,conteudo,267,9436e0c7308487b8d2ac983f4d56f12c361df8000b138401cd8a0d45c3fe67ad
Engenharia_PY/Python+-+SGBDS/02. MySQL/2. Referencias/Mysql_referencia.txt,Engenharia_PY,Engenharia de Dados,,Python+-+SGBDS\02. MySQL\2. Referencias,Mysql_referencia.txt,.txt,conteudo,661,406ce6ba6d3eff14232c27dd4aca47a9316629ff97994eb5a3f728fc4b3ce6c7
Engenharia_PY/Python+-+SGBDS/02. MySQL/3. Transact-SQL/1. Comandos básicos.sql,Engenharia_PY,Engenharia de Dados,,Python+-+SGBDS\02. MySQL\3. Transact-SQL,1. Comandos básicos.sql,.sql,conteudo,1229,46d844d792486a81f72adeff4a091107384a7ec6f5cf05efbc9fb9e2cad69cfa
Engenharia_PY/Python+-+SGBDS/02. MySQL/3. Transact-SQL/2. Create Tables.sql,Engenharia_PY,Engenharia de Dados,,Python+-+SGBDS\02. MySQL\3. Transact-SQL,2. Create Tables.sql,.sql,conteudo,4786,fa05008bad4c3621be231c93109a8b51dd1a9ddc92ac2741ee79425ff154bc3f
Engenharia_PY/Python+-+SGBDS/02. MySQL/3. Transact-SQL/3. Apoio Erros.sql,Engenharia_PY,Engenharia de Dados,,Python+-+SGBDS\02. MySQL\3. Transact-SQL,3. Apoio Erros.sql,.sql,conteudo,220,7fdebbe512420692cfb5f6b43a539bb8ec90e1d2a404c99113c43ba6c4257822
Engenharia_PY/Python+-+SGBDS/02. MySQL/3. Transact-SQL/4. Validação.sql,Engenharia_PY,Engenharia de Dados,,Python+-+SGBDS\02. MySQL\3. Transact-SQL,4. Validação.sql,.sql,conteudo,735,2d817b67bdc7a0fca8bd6b1d45851263baf33b1f98f759cbecc645d7a42eaa32
Engenharia_PY/Python+-+SGBDS/02. MySQL/4. Arquivos Formato PY/13.Migração de Bancos de dados diferentes PostgreSQL - MySQL  Refaturado.py,Engenharia_PY,Engenharia de Dados,,Python+-+SGBDS\02. MySQL\4. Arquivos Formato PY,13.Migração de Bancos de dados diferentes PostgreSQL - MySQL  Refaturado.py,.py,conteudo,891,69cde0c3626daad839406e56f2f36a924f5db844b84ac3e31d34fea8d63a5a72
Engenharia_PY/Python+-+SGBDS/03. SQLite/01. Scripts/01. Primeiros comandos SQLite.ipynb,Engenharia_PY,Engenharia de Dados,,Python+-+SGBDS\03. SQLite\01. Scripts,01. Primeiros comandos SQLite.ipynb,.ipynb,conteudo,5608,da2eb190df14af2724c7a7f55404d69a2d5def42cfe6a80630d1838d8324331a
Engenharia_PY/Python+-+SGBDS/03. SQLite/01. Scripts/02. Projeto prático Cadastro Produtos.ipynb,Engenharia_PY,Engenharia de Dados,,Python+-+SGBDS\03. SQLite\01. Scripts,02. Projeto prático Cadastro Produtos.ipynb,.ipynb,conteudo,13203,68f3bd720ad67f08ce771027aee295818a458e33ab3acde21ecb568319575876
Engenharia_PY/Python+-+SGBDS/03. SQLite/01. Scripts/03. Projeto prático Cadastro Produtos Refaturado copy.ipynb,Engenharia_PY,Engenharia de Dados,,Python+-+SGBDS\03. SQLite\01. Scripts,03. Projeto prático Cadastro Produtos Refaturado copy.ipynb,.ipynb,conteudo,7153,3356d5fb592a528a6fae8f0f8b7a120c0978c7f5634d75564360305e696bbf56
Engenharia_PY/Python+-+SGBDS/03. SQLite/01. Scripts/03. Projeto prático Cadastro Produtos Refaturado.ipynb,Engenharia_PY,Engenharia de Dados,,Python+-+SGBDS\03. SQLite\01. Scripts,03. Projeto prático Cadastro Produtos Refaturado.ipynb,.ipynb,conteudo,5378,996ebcb7e9a11a3b19d055541438ca8190343759c8d1576f52c0d08a15fa7035
Engenharia_PY/Python+-+SGBDS/03. SQLite/01. Scripts/cadastro_produto.db,Engenharia_PY,Engenharia de Dados,,Python+-+SGBDS\03. SQLite\01. Scripts,cadastro_produto.db,.db,outro,8192,61482ddf5a0f2866d880944a28d25c6414d060c593f2a03e2c658900a925ffef
Engenharia_PY/Python+-+SGBDS/03. SQLite/02. Referencias/01. Ambiente Virtual.py,Engenharia_PY,Engenharia de Dados,,Python+-+SGBDS\03. SQLite\02. Referencias,01. Ambiente Virtual.py,.py,conteudo,327,9c5ba3670e7c954991d5dd6a380c7e7b5a6ae3e9dd393f3949488e995f061a64
Engenharia_PY/Python+-+SGBDS/03. SQLite/02. Referencias/02.Referencias SQLite.ipynb,Engenharia_PY,Engenharia de Dados,,Python+-+SGBDS\03. SQLite\02. Referencias,02.Referencias SQLite.ipynb,.ipynb,conteudo,1016,3b5e3e71a548628ee7963bb789101f5aff0253e2b4779cea806c25f0fa93ec59
Engenharia_PY/Python+-+SGBDS/04. ETL Pandas/Primeiros comandos/1.Comandos Basicos/1.Primeiros  Comandos.ipynb,Engenharia_PY,Engenharia de Dados,,Python+-+SGBDS\04. ETL Pandas\Primeiros comandos\1.Comandos Basicos,1.Primeiros  Comandos.ipynb,.ipynb,conteudo,1364,6815b68371a8f890ec16d45d3e0144e523c9340e2f38ab7b4dbc06c69dcb2470
Engenharia_PY/Python+-+SGBDS/04. ETL Pandas/Primeiros comandos/1.Comandos Basicos/2.Tipos de Dados.ipynb,Engenharia_PY,Engenharia de Dados,,Python+-+SGBDS\04. ETL Pandas\Primeiros comandos\1.Comandos Basicos,2.Tipos de Dados.ipynb,.ipynb,conteudo,3067,be33c52949f66f16575350e72cd111199baa8f768241c4c535682b7d70f35aec
Engenharia_PY/Python+-+SGBDS/04. ETL Pandas/Primeiros comandos/1.Comandos Basicos/3.Listas.ipynb,Engenharia_PY,Engenharia de Dados,,Python+-+SGBDS\04. ETL Pandas\Primeiros comandos\1.Comandos Basicos,3.Listas.ipynb,.ipynb,conteudo,27454,82ef8acf6bd76209212c47ac640414a065870506296729b0caae928f8987c927
Engenharia_PY/Python+-+SGBDS/04. ETL Pandas/Primeiros comandos/1.Comandos Basicos/4.tuplas.ipynb,Engenharia_PY,Engenharia de Dados,,Python+-+SGBDS\04. ETL Pandas\Primeiros comandos\1.Comandos Basicos,4.tuplas.ipynb,.ipynb,conteudo,10435,12b27fde450717421b744d477de3f3e85a6750a390e61873eab046b8364c81cf
Engenharia_PY/Python+-+SGBDS/04. ETL Pandas/Primeiros comandos/1.Comandos Basicos/5.dicionario.ipynb,Engenharia_PY,Engenharia de Dados,,Python+-+SGBDS\04. ETL Pandas\Primeiros comandos\1.Comandos Basicos,5.dicionario.ipynb,.ipynb,conteudo,19070,08af343268f96f160e6c103b44d61cba38d71c3277f3a868294b52622acc8025
Engenharia_PY/Python+-+SGBDS/04. ETL Pandas/Primeiros comandos/1.Comandos Basicos/6.Conjuntos.ipynb,Engenharia_PY,Engenharia de Dados,,Python+-+SGBDS\04. ETL Pandas\Primeiros comandos\1.Comandos Basicos,6.Conjuntos.ipynb,.ipynb,conteudo,12274,cef403d3195b19e5cbfc930b4d3331a4ac3c2a88cadef2c5600afbee8c950d39
Engenharia_PY/Python+-+SGBDS/04. ETL Pandas/Primeiros comandos/1.Comandos Basicos/7.Tipos de dados no Python.ipynb,Engenharia_PY,Engenharia de Dados,,Python+-+SGBDS\04. ETL Pandas\Primeiros comandos\1.Comandos Basicos,7.Tipos de dados no Python.ipynb,.ipynb,conteudo,20037,8c39221f4f3649107ce8e145ec99408770da5381c5ecf2687798bd413e8145f6
Engenharia_PY/Python+-+SGBDS/04. ETL Pandas/Primeiros comandos/1.Comandos Basicos/8.Strings.ipynb,Engenharia_PY,Engenharia de Dados,,Python+-+SGBDS\04. ETL Pandas\Primeiros comandos\1.Comandos Basicos,8.Strings.ipynb,.ipynb,conteudo,48407,31782af654d5ec0065904d6ff960842a95d8c661c5e352407d292802852963e9
Engenharia_PY/Python+-+SGBDS/04. ETL Pandas/Primeiros comandos/2.Comandos intermediários/1.Estrutura condicional - if.ipynb,Engenharia_PY,Engenharia de Dados,,Python+-+SGBDS\04. ETL Pandas\Primeiros comandos\2.Comandos intermediários,1.Estrutura condicional - if.ipynb,.ipynb,conteudo,3895,4a4c1f2cd20db62869e091d2432add6a5afda3bc66459aaa18d2f2701d06799c
Engenharia_PY/Python+-+SGBDS/04. ETL Pandas/Primeiros comandos/2.Comandos intermediários/10.funções-1.ipynb,Engenharia_PY,Engenharia de Dados,,Python+-+SGBDS\04. ETL Pandas\Primeiros comandos\2.Comandos intermediários,10.funções-1.ipynb,.ipynb,conteudo,4498,20aa614865972ad2ab9abdf1136d841e455efe7d675df35ed592161d21861a49
Engenharia_PY/Python+-+SGBDS/04. ETL Pandas/Primeiros comandos/2.Comandos intermediários/2.while repetição.ipynb,Engenharia_PY,Engenharia de Dados,,Python+-+SGBDS\04. ETL Pandas\Primeiros comandos\2.Comandos intermediários,2.while repetição.ipynb,.ipynb,conteudo,4053,1ccc8c744fcbb7b7856e6549f233fad2ae305eb2e7ff80deaacf3c7ec11709a4
Engenharia_PY/Python+-+SGBDS/04. ETL Pandas/Primeiros comandos/2.Comandos intermediários/3.For.ipynb,Engenharia_PY,Engenharia de Dados,,Python+-+SGBDS\04. ETL Pandas\Primeiros comandos\2.Comandos intermediários,3.For.ipynb,.ipynb,conteudo,10237,050f281ec623ff602f0e6f1e00d8c858e457d2b9c1ad15f922708e1c76420a31
Engenharia_PY/Python+-+SGBDS/04. ETL Pandas/Primeiros comandos/3.Outros comandos/1.EXEC.ipynb,Engenharia_PY,Engenharia de Dados,,Python+-+SGBDS\04. ETL Pandas\Primeiros comandos\3.Outros comandos,1.EXEC.ipynb,.ipynb,conteudo,1168,1efa675498840a6832e9782421c46066c629acf8c864703a365bf82a91df5b2d
Engenharia_PY/Python+-+SGBDS/04. ETL Pandas/Primeiros comandos/4.Ndarrays/Aula Numpy 01 - Criação arrays NumPy.ipynb,Engenharia_PY,Engenharia de Dados,,Python+-+SGBDS\04. ETL Pandas\Primeiros comandos\4.Ndarrays,Aula Numpy 01 - Criação arrays NumPy.ipynb,.ipynb,conteudo,13176,1ccf5d16be40fd9ce74eb18993200a1a0b13ab47e60d837a96b182ae2c7327bb
Engenharia_PY/Python+-+SGBDS/04. ETL Pandas/Primeiros comandos/4.Ndarrays/Aula Numpy 02 - Verificando propriedades dos arrays.ipynb,Engenharia_PY,Engenharia de Dados,,Python+-+SGBDS\04. ETL Pandas\Primeiros comandos\4.Ndarrays,Aula Numpy 02 - Verificando propriedades dos arrays.ipynb,.ipynb,conteudo,5499,6cbcc1a5666c51489929f4e4e308b3dad2f7db6366b801f9c8821aa4937da07d
Engenharia_PY/Python+-+SGBDS/04. ETL Pandas/Primeiros comandos/4.Ndarrays/Aula Numpy 03 - Indexação e fatiamento (slicing).ipynb,Engenharia_PY,Engenharia de Dados,,Python+-+SGBDS\04. ETL Pandas\Primeiros comandos\4.Ndarrays,Aula Numpy 03 - Indexação e fatiamento (slicing).ipynb,.ipynb,conteudo,9778,91e2411415e5f7f3859f352c80b36b55ac8c739bf0c118446baca1d278865ae3
Engenharia_PY/Python+-+SGBDS/04. ETL Pandas/Primeiros comandos/4.Ndarrays/Aula Numpy 05 - Comparando a performance do NumPy.ipynb,Engenharia_PY,Engenharia de Dados,,Python+-+SGBDS\04. ETL Pandas\Primeiros comandos\4.Ndarrays,Aula Numpy 05 - Comparando a performance do NumPy.ipynb,.ipynb,conteudo,6866,33460378160af7d131093e6cf5599d69110e478cf1141a037dae1596d0490484
Engenharia_PY/Python+-+SGBDS/04. ETL Pandas/Primeiros comandos/5.Pandas/1.Series.ipynb,Engenharia_PY,Engenharia de Dados,,Python+-+SGBDS\04. ETL Pandas\Primeiros comandos\5.Pandas,1.Series.ipynb,.ipynb,conteudo,47594,e3ace40c1db13c56d0fdd9728ce4f8c32ed80dd46a626fb334315d70fb80bc08
Engenharia_PY/Python+-+SGBDS/04. ETL Pandas/Primeiros comandos/5.Pandas/2. visualização de dados.ipynb,Engenharia_PY,Engenharia de Dados,,Python+-+SGBDS\04. ETL Pandas\Primeiros comandos\5.Pandas,2. visualização de dados.ipynb,.ipynb,conteudo,870938,7e1429423dfa52febb5dd60caf33ea1594a1b4ee1affa13decf39f0bccea65df
Engenharia_PY/Python+-+SGBDS/08.MongoDB/01. Scripts/01. Referencias.ipynb,Engenharia_PY,Engenharia de Dados,,Python+-+SGBDS\08.MongoDB\01. Scripts,01. Referencias.ipynb,.ipynb,conteudo,61040,e0aa1aba3da5ca83521399ac15337a25640b5df3d5493bed86b114ffe0f3c36d
Engenharia_PY/Python+-+SGBDS/08.MongoDB/01. Scripts/02. Primeira Conexão MongoDB.ipynb,Engenharia_PY,Engenharia de Dados,,Python+-+SGBDS\08.MongoDB\01. Scripts,02. Primeira Conexão MongoDB.ipynb,.ipynb,conteudo,30776689,e7cedd0c388b73c459714c30f15197c517ac280e1d8b88c526b679e69ccdf45f
Engenharia_PY/Python+-+SGBDS/08.MongoDB/01. Scripts/03. Selecionando Colunas.ipynb,Engenharia_PY,Engenharia de Dados,,Python+-+SGBDS\08.MongoDB\01. Scripts,03. Selecionando Colunas.ipynb,.ipynb,conteudo,737282,1b34dc25bd2ee4020cdaf19e3c2f98a6cf5a9f27c9e66c63f0d24f5190dac8f5
Engenharia_PY/Python+-+SGBDS/08.MongoDB/01. Scripts/04. Transformando Dados do Mongo DB em Dataframe python.ipynb,Engenharia_PY,Engenharia de Dados,,Python+-+SGBDS\08.MongoDB\01. Scripts,04. Transformando Dados do Mongo DB em Dataframe python.ipynb,.ipynb,conteudo,15359,2339a038d93d61865ebb8ce2b67312e88623116b48b467be6b5b33fc056d8c2c
Engenharia_PY/Python+-+SGBDS/08.MongoDB/01. Scripts/05. Tratando dados com Objetos Aninhados .ipynb,Engenharia_PY,Engenharia de Dados,,Python+-+SGBDS\08.MongoDB\01. Scripts,05. Tratando dados com Objetos Aninhados .ipynb,.ipynb,conteudo,17662,e8d9a40176b3a48f08a6ce78f0e0a271b7e9b99fd4ae762bfb82947fd31fda3a
Engenharia_PY/Python+-+SGBDS/08.MongoDB/01. Scripts/06. Tratando dados com Objetos Aninhados  Tabela Unica.ipynb,Engenharia_PY,Engenharia de Dados,,Python+-+SGBDS\08.MongoDB\01. Scripts,06. Tratando dados com Objetos Aninhados  Tabela Unica.ipynb,.ipynb,conteudo,15064,4e5fc02276076282ccb47b9e05780a08b7691a7f2917762bdded37b7362a49b2
Engenharia_PY/Python+-+SGBDS/08.MongoDB/01. Scripts/07. Operadores Lógicos Filtros Avançados.ipynb,Engenharia_PY,Engenharia de Dados,,Python+-+SGBDS\08.MongoDB\01. Scripts,07. Operadores Lógicos Filtros Avançados.ipynb,.ipynb,conteudo,20200,38bd48bcceec0ddbed7b94f5affb1be40d060a8477e684c8a435d525d409b840
Engenharia_PY/Python+-+SGBDS/08.MongoDB/02. Arquivos Json/V_OCORRENCIA_AMPLA.json,Engenharia_PY,Engenharia de Dados,,Python+-+SGBDS\08.MongoDB\02. Arquivos Json,V_OCORRENCIA_AMPLA.json,.json,dado,25790121,4a69bb80e75ebf60f75736d113a3925201a28317ce8ac700d593cdb8b43771ee
Engenharia_PY/Python+-+SGBDS/08.MongoDB/03. Playground MongoDB/01. Criando banco de dados e Colletion.js,Engenharia_PY,Engenharia de Dados,,Python+-+SGBDS\08.MongoDB\03. Playground MongoDB,01. Criando banco de dados e Colletion.js,.js,conteudo,907,05f6c7ecb029b9d2392f410256aee8fcd7a2a5cfe18e252e3ba6dfc80e3040d1
Engenharia_PY/Python+-+SGBDS/08.MongoDB/03. Playground MongoDB/02. Primeiros inserts.js,Engenharia_PY,Engenharia de Dados,,Python+-+SGBDS\08.MongoDB\03. Playground MongoDB,02. Primeiros inserts.js,.js,conteudo,588,82620efdd6dcbf58f2e84e0e434ed66a084c8e0b51774d0c5352d5f9ba59c99b
Engenharia_PY/Python+-+SGBDS/08.MongoDB/03. Playground MongoDB/03. Consultas em MongoDB.js,Engenharia_PY,Engenharia de Dados,,Python+-+SGBDS\08.MongoDB\03. Playground MongoDB,03. Consultas em MongoDB.js,.js,conteudo,618,bc60bc9b7f294fcf423ba1187a543ee293510cf234ad94a2a55a67ad4faa9018
Engenharia_PY/Python+-+SGBDS/08.MongoDB/03. Playground MongoDB/04. Selecionando apenas algumas colunas.js,Engenharia_PY,Engenharia de Dados,,Python+-+SGBDS\08.MongoDB\03. Playground MongoDB,04. Selecionando apenas algumas colunas.js,.js,conteudo,163,51cc5645e64226b37d13e3c328cd2039560ed8d781deb0f4017020d49d9626ce
Engenharia_PY/Python+-+SGBDS/08.MongoDB/03. Playground MongoDB/05. Estruturas dos dados Json aninhados e array.js,Engenharia_PY,Engenharia de Dados,,Python+-+SGBDS\08.MongoDB\03. Playground MongoDB,05. Estruturas dos dados Json aninhados e array.js,.js,conteudo,1150,f7fbdcb7a90293160e9ad87aab3b6e722cce4d9ae76bcbccde441af4ad9ce2da
Engenharia_PY/Python+-+SGBDS/08.MongoDB/03. Playground MongoDB/06. Operadores Lógicos Filtros Avançados.js,Engenharia_PY,Engenharia de Dados,,Python+-+SGBDS\08.MongoDB\03. Playground MongoDB,06. Operadores Lógicos Filtros Avançados.js,.js,conteudo,1736,fabd0087984e4e80fc37523314caba525cb237cf22d1177f17f9b3b8e2a7da03
Scripts_SQL/Desafio SQL.sql,Scripts_SQL,Scripts SQL,,,Desafio SQL.sql,.sql,conteudo,1133,6122364fea657fecb269168c01dcb2955187f62dd6391304b9c0de22609c234a
Scripts_SQL/QuerySqlServer.sql,Scripts_SQL,Scripts SQL,,,QuerySqlServer.sql,.sql,conteudo,951,ca38d820e0a8d8f36a1eb717fd66c760ec2f29fd348ab7729bdb5ffd6baa2378
Scripts_SQL/UsandoCTE_SqlServer.sql,Scripts_SQL,Scripts SQL,,,UsandoCTE_SqlServer.sql,.sql,conteudo,795,567ec0ea2864fc2bebe7eca4cf37110200aa5e38de54c35ae38c34236f2425de
Scripts_SQL/curso_sql-main/05a-SELECT - script aula.sql,Scripts_SQL,Scripts SQL,,curso_sql-main,05a-SELECT - script aula.sql,.sql,conteudo,2644,1b4e965a5678178c6ebd493fca107742cc283ce5ba4e18b45ff5e8f675ecd844
Scripts_SQL/curso_sql-main/aula_sql_01.sql,Scripts_SQL,Scripts SQL,,curso_sql-main,aula_sql_01.sql,.sql,conteudo,6870,6a28613596c1b3ea883b4e398cafab9e01788b9ba5857ed1ec1ba0375da7167b
Scripts_SQL/curso_sql-main/aula_sql_02_create_table_FK.sql,Scripts_SQL,Scripts SQL,,curso_sql-main,aula_sql_02_create_table_FK.sql,.sql,conteudo,4476,ee6e96fd89a45d6d9d325b70b7c10e05fb1413991ff2da1dbef8411958b65f56
Scripts_SQL/curso_sql-main/aula_sql_03_alter_table.sql,Scripts_SQL,Scripts SQL,,curso_sql-main,aula_sql_03_alter_table.sql,.sql,conteudo,6287,2df7019e3a0aea1c921ec3e0ec4820ee1b190d27e04a6095e52f7e77d3268f10
Scripts_SQL/curso_sql-main/aula_sql_04_padroes_de_nome.sql,Scripts_SQL,Scripts SQL,,curso_sql-main,aula_sql_04_padroes_de_nome.sql,.sql,conteudo,8402,2d83700bc645a61a6707e28259e2496ca252d9d0f6234a2d095514b9a9d06cfe
Scripts_SQL/curso_sql-main/aula_sql_05_DML_insert.sql,Scripts_SQL,Scripts SQL,,curso_sql-main,aula_sql_05_DML_insert.sql,.sql,conteudo,2653,dac8abcf667c2477b6146e296fcdcd235ab02157b8f41d600a85f797291999ff
Scripts_SQL/curso_sql-main/aula_sql_06_DML_delete_update.sql,Scripts_SQL,Scripts SQL,,curso_sql-main,aula_sql_06_DML_delete_update.sql,.sql,conteudo,4514,e772c0d5d4ccff1b326f329638bf83dc63b922f620442f88e2dfe06552c2ba53
Scripts_SQL/curso_sql-main/aula_sql_07_SELECT.sql,Scripts_SQL,Scripts SQL,,curso_sql-main,aula_sql_07_SELECT.sql,.sql,conteudo,7929,e7fc30b47d95daea5ef9226a088a06232662a627256c0a2d95e6b7f25ae6a99d
Scripts_SQL/curso_sql-main/aula_sql_08_SELECT_JOIN.sql,Scripts_SQL,Scripts SQL,,curso_sql-main,aula_sql_08_SELECT_JOIN.sql,.sql,conteudo,3527,d1de0087093bb03d3f968fe8ed8faa8c4f7ffb5e46ff4203da45e3f785598020
Scripts_SQL/curso_sql-main/aula_sql_09_join.sql,Scripts_SQL,Scripts SQL,,curso_sql-main,aula_sql_09_join.sql,.sql,conteudo,4959,3da0519ee677e9de0a351fd68ea7d351c74d76e4841540a64ea88c56b96e1704
Scripts_SQL/curso_sql-main/aula_sql_09_join_der.mwb,Scripts_SQL,Scripts SQL,,curso_sql-main,aula_sql_09_join_der.mwb,.mwb,dado,13009,f576035ace12bd5756d9dea67819c8d7ecda49ed100cb7368508f861eb5ea871
Scripts_SQL/curso_sql-main/aula_sql_09_join_der.png,Scripts_SQL,Scripts SQL,,curso_sql-main,aula_sql_09_join_der.png,.png,dado,19947,41edf42ef29b892a5f67d28dfaba6b33f64905868f27dc6583b34269c67f2b07
Scripts_SQL/curso_sql-main/aula_sql_14a_coluna_virtual_armazenada.sql,Scripts_SQL,Scripts SQL,,curso_sql-main,aula_sql_14a_coluna_virtual_armazenada.sql,.sql,conteudo,8092,6c61b10d3f44601f9d6159239a93f068fcc0f55df5590f5c7ba9a39aff611770
Scripts_SQL/curso_sql-main/aula_sql_14b_coluna_virtual_armazenada.sql,Scripts_SQL,Scripts SQL,,curso_sql-main,aula_sql_14b_coluna_virtual_armazenada.sql,.sql,conteudo,1855,9e710f30581defd949c04ae3016aa436618830ecfbd246cf9e8c595726b7611f
Scripts_SQL/curso_sql-main/aula_sql_15_function_01,Scripts_SQL,Scripts SQL,,curso_sql-main,aula_sql_15_function_01,,outro,5103,746a48228cd27bd67ce9f50af7c6cb38f858a90e18ac4212f976dbdedcef6988
Scripts_SQL/curso_sql-main/aula_sql_16_function_select_into,Scripts_SQL,Scripts SQL,,curso_sql-main,aula_sql_16_function_select_into,,outro,3736,8805c84a78104925fa0530561e912c7c92585e07daebbb084e229c98ca1db30b
Scripts_SQL/curso_sql-main/aula_sql_17_estrutura_repeticao_while_loop_repeat,Scripts_SQL,Scripts SQL,,curso_sql-main,aula_sql_17_estrutura_repeticao_while_loop_repeat,,outro,2582,77b4fa003f44e622eb944eabeac16b975124400fb31d5e3ca4ba344e418e877f
Scripts_SQL/curso_sql-main/aula_sql_18_procedure_01,Scripts_SQL,Scripts SQL,,curso_sql-main,aula_sql_18_procedure_01,,outro,1633,7ca93ceb746ab29875b653c833d54a9ab5dfd939dd584742abb981fbaa281ff8
Scripts_SQL/curso_sql-main/aula_sql_19_procedure_02,Scripts_SQL,Scripts SQL,,curso_sql-main,aula_sql_19_procedure_02,,outro,3809,69eb03f3f83a86c7f6145b934f93411f8b1c5be87c81e6966fd2ee461e6e9087
Scripts_SQL/curso_sql-main/aula_sql_20_trigger,Scripts_SQL,Scripts SQL,,curso_sql-main,aula_sql_20_trigger,,outro,3608,f9548e491bac717cb36943323ff4ce01fc0c498eb91eadaa042600690b6d7694
Scripts_SQL/curso_sql-main/der.mwb,Scripts_SQL,Scripts SQL,,curso_sql-main,der.mwb,.mwb,dado,38534,28a9435255e06df0d7a7f147ec796e670b8e6b7449c8aec9aac76d27a32bb093
Scripts_SQL/curso_sql-main/der.png,Scripts_SQL,Scripts SQL,,curso_sql-main,der.png,.png,dado,380082,f45edff2d26f7bd99e71800945470dec6cc47334316d8863e0777598c5371090
Scripts_SQL/curso_sql-main/README.md,Scripts_SQL,Scripts SQL,,curso_sql-main,README.md,.md,conteudo,6458,76a268a19565a0f42809f2152c2b6b25a124089c3e8d20873cd3537bea217dd8
Scripts_SQL/curso_sql-main/script estudo de caso.sql,Scripts_SQL,Scripts SQL,,curso_sql-main,script estudo de caso.sql,.sql,conteudo,8098,ad40140580f0c281f69bd69a2d0dfc6667ab8362119a5b791f02c296ca2742df
Scripts_SQL/Dicas/Alterar_Tabelas.sql,Scripts_SQL,Scripts SQL,,Dicas,Alterar_Tabelas.sql,.sql,conteudo,6296,5f9a652b89e536dd0931d30867eb80dfa97ebf24479d93512302b7775826e561
Scripts_SQL/Dicas/Comandos_DDL_.sql,Scripts_SQL,Scripts SQL,,Dicas,Comandos_DDL_.sql,.sql,conteudo,7040,237d733e4b334f1c50b8a15d94e1f74d903ba664aed450c2d7315f3c1b48f36b
Scripts_SQL/Dicas/der.mwb,Scripts_SQL,Scripts SQL,,Dicas,der.mwb,.mwb,dado,38534,28a9435255e06df0d7a7f147ec796e670b8e6b7449c8aec9aac76d27a32bb093
Scripts_SQL/Dicas/DML_.sql,Scripts_SQL,Scripts SQL,,Dicas,DML_.sql,.sql,conteudo,2699,3c47bbb85618a7be250558f13fec1838b1421d1503c32c503cbbfa263c32f03d
Scripts_SQL/Dicas/JOIN_.sql,Scripts_SQL,Scripts SQL,,Dicas,JOIN_.sql,.sql,conteudo,3650,a6c6d502e8be1998386807f4837f0a6712c751e275e23840f622f8a9c820ee3b
Scripts_SQL/Dicas/Left_Right_JOIN.sql,Scripts_SQL,Scripts SQL,,Dicas,Left_Right_JOIN.sql,.sql,conteudo,4957,3093c80317a842905925abcf6cb1831b0c74e8d2262d2acbb9a44bae9f3b9eb6
Scripts_SQL/Dicas/Padroes_nomeclatura_Banco_de_dados.sql,Scripts_SQL,Scripts SQL,,Dicas,Padroes_nomeclatura_Banco_de_dados.sql,.sql,conteudo,8574,45aa402596c61219c86a4a043f3d3405490496d6423e06ba312f966552ccdd8d
Scripts_SQL/Dicas/SELECT_.sql,Scripts_SQL,Scripts SQL,,Dicas,SELECT_.sql,.sql,conteudo,8124,29887aa8f5f79e9ce7c44ea4c845a94e3e678a01e151eda8dc8e66de53dd99c3
Scripts_SQL/Dicas/SQL_Scripts_Window_Function_Part1.sql,Scripts_SQL,Scripts SQL,,Dicas,SQL_Scripts_Window_Function_Part1.sql,.sql,conteudo,3671,3215a111e9d5a85ba25c0d7be4c6d22c10e80d77d9466541c933dd77e38012e3
Scripts_SQL/Dicas/SQL_Script_and_Table_Structure.sql,Scripts_SQL,Scripts SQL,,Dicas,SQL_Script_and_Table_Structure.sql,.sql,conteudo,4490,1cef459f98af8b12f14f387a0b5341510fb8dfb2e49f32515557df56b9f02830
Scripts_SQL/Dicas/UPDATE_.sql,Scripts_SQL,Scripts SQL,,Dicas,UPDATE_.sql,.sql,conteudo,4604,df3be8daae5c9d96286019b78ec10d11f95d6a1307635c96bde20a3881d4aab1
Scripts_SQL/Dicas/Usando_funcoes_nativas.sql,Scripts_SQL,Scripts SQL,,Dicas,Usando_funcoes_nativas.sql,.sql,conteudo,1655,1163bd9e63ed83b751e1e6186410f6bb08c5df2893679067fdd2c894029951eb
Scripts_SQL/Dicas/Usando_PK_FK.sql,Scripts_SQL,Scripts SQL,,Dicas,Usando_PK_FK.sql,.sql,conteudo,4567,47d5ac99de0a8a89c3a642e45a27f790d200c2968b363318f4a753e57f9b6738
Scripts_SQL/full-sql-database-course-main/create_insert.sql,Scripts_SQL,Scripts SQL,,full-sql-database-course-main,create_insert.sql,.sql,conteudo,115411,128c7ffb03a048437a0733c0d4231702f6b329c6ca318c37941cd1adca79d3b2
Scripts_SQL/full-sql-database-course-main/queries.sql,Scripts_SQL,Scripts SQL,,full-sql-database-course-main,queries.sql,.sql,conteudo,14079,bef570fbc1799df5a587ba07356334bd06a04446b6c53edc3038f0c7e4768122
Scripts_SQL/full-sql-database-course-main/README.md,Scripts_SQL,Scripts SQL,,full-sql-database-course-main,README.md,.md,conteudo,95,3eaa3abeeee864aa12ce82d45514cb790b4d3b82407718a0abf3630e2538b5cc
Scripts_SQL/full-sql-database-course-main/sql tables.png,Scripts_SQL,Scripts SQL,,full-sql-database-course-main,sql tables.png,.png,dado,268424,7ad14b107f01d9bc01233c18023831f360d08a271cefef1ed6ce1aced9a22379
Scripts_SQL/Minicurso de SQL/Curso Básico de SQL.pdf,Scripts_SQL,Scripts SQL,,Minicurso de SQL,Curso Básico de SQL.pdf,.pdf,conteudo,3645930,f980f7a4e5f631479578b711d9d6dc0d98cd84c46de4f8339d8b516854ff9165
Scripts_SQL/Minicurso de SQL/Exercícios - Minicurso SQL.pdf,Scripts_SQL,Scripts SQL,,Minicurso de SQL,Exercícios - Minicurso SQL.pdf,.pdf,conteudo,119680,e7edc3832782b08d70bdf78f6f7fe4e01b2413b36bf0574431e3a7ac9c2fd9e1
Scripts_SQL/SQL Impressionador - Hashtag/lista.txt,Scripts_SQL,Scripts SQL,,SQL Impressionador - Hashtag,lista.txt,.txt,conteudo,9398,c0674f456d7597a1b43df3b5d984bc4d157482bc222f0645c36699c685cd1ba5
Scripts_SQL/sql-2025-main/.gitignore,Scripts_SQL,Scripts SQL,,sql-2025-main,.gitignore,,outro,4,c71d1c0296903b1b16f7d80303cd61f7f1a5d1611153080465f264c0188a5069
Scripts_SQL/sql-2025-main/01_select.sql,Scripts_SQL,Scripts SQL,,sql-2025-main,01_select.sql,.sql,conteudo,77,506d2a6cfcf23eba1e1dcddcd73433a100581e7bdd65c54a5fdfcd59f95aeda7
Scripts_SQL/sql-2025-main/02_tables.sql,Scripts_SQL,Scripts SQL,,sql-2025-main,02_tables.sql,.sql,conteudo,25,644525c7bce913aa20cf15d2ba14e360708e2d33ddfb1030ee71795476902293
Scripts_SQL/sql-2025-main/03_select_from.sql,Scripts_SQL,Scripts SQL,,sql-2025-main,03_select_from.sql,.sql,conteudo,167,49a3dc45dcf34d6c6b7615d9346529aa8ca37c65b194122d185f243ea1cc4d01
Scripts_SQL/sql-2025-main/04_select_from_where.sql,Scripts_SQL,Scripts SQL,,sql-2025-main,04_select_from_where.sql,.sql,conteudo,75,620587f28a7c7d4b87ad5d8d0b3b4c4dfee84420ab81e7b39c6091584f455e78
Scripts_SQL/sql-2025-main/05_select_col.sql,Scripts_SQL,Scripts SQL,,sql-2025-main,05_select_col.sql,.sql,conteudo,395,ccf611ca4821f586d53bd85c880d715c3d1deca51afabdfabc059bde3e84efd8
Scripts_SQL/sql-2025-main/06_order_by.sql,Scripts_SQL,Scripts SQL,,sql-2025-main,06_order_by.sql,.sql,conteudo,167,bd6e8f7c567829ddcdfcbec584d7f7cf491f30df2c9ae2c8db6665320a1ca33f
Scripts_SQL/sql-2025-main/07_case.sql,Scripts_SQL,Scripts SQL,,sql-2025-main,07_case.sql,.sql,conteudo,822,b8caf9e56ccb598e141b74e9e9ad1565df78e2e061828406cf1bbe3635d5e31d
Scripts_SQL/sql-2025-main/08_count.sql,Scripts_SQL,Scripts SQL,,sql-2025-main,08_count.sql,.sql,conteudo,147,4683efa3b614e5c520e04b44520c2eccd93974b8263ce4687d550d44e8d128ed
Scripts_SQL/sql-2025-main/09_count_distinct.sql,Scripts_SQL,Scripts SQL,,sql-2025-main,09_count_distinct.sql,.sql,conteudo,200,2db7e8fa42bb0b92c42d424da3ced6b7a48402ae17c7d169818cf53ecbf592ae
Scripts_SQL/sql-2025-main/10_sum.sql,Scripts_SQL,Scripts SQL,,sql-2025-main,10_sum.sql,.sql,conteudo,477,069e9e6f544d3e768e76e182ad19f747a9a1049ffe62da00ab95982e2b3e31a0
Scripts_SQL/sql-2025-main/11_stats.sql,Scripts_SQL,Scripts SQL,,sql-2025-main,11_stats.sql,.sql,conteudo,262,3934efd90d45458e2ab258149e32f65b0b41c839f729d56bd077c3e394256a67
Scripts_SQL/sql-2025-main/12_groupby.sql,Scripts_SQL,Scripts SQL,,sql-2025-main,12_groupby.sql,.sql,conteudo,345,873052158ebd83c50a8ddd5235a06937e56d8c2a4ea3ad952eeb4d5a715d4956
Scripts_SQL/sql-2025-main/13_join.sql,Scripts_SQL,Scripts SQL,,sql-2025-main,13_join.sql,.sql,conteudo,129,d0510d4d66e822ac70355c4d668dd82b46f53b673d11bc8c3cb22d882a56876e
Scripts_SQL/sql-2025-main/14_subquery.sql,Scripts_SQL,Scripts SQL,,sql-2025-main,14_subquery.sql,.sql,conteudo,216,c2a422f314e351ea2b02906051efebb4bfa7c445b2f88f94d5bfd0d27be127dc
Scripts_SQL/sql-2025-main/15_subquery.sql,Scripts_SQL,Scripts SQL,,sql-2025-main,15_subquery.sql,.sql,conteudo,247,f0f1f767365092f0f5b006bbfa7c8a366ab2820d200576dd70893f6c2d7278d3
Scripts_SQL/sql-2025-main/16_subquery.sql,Scripts_SQL,Scripts SQL,,sql-2025-main,16_subquery.sql,.sql,conteudo,129,7048e58f40f82dd0776841f6eaad6e0848cf698b810c8ee8dfbcbadca35df020
Scripts_SQL/sql-2025-main/17_cte.sql,Scripts_SQL,Scripts SQL,,sql-2025-main,17_cte.sql,.sql,conteudo,655,b696811fa552b055b2b8882abc8e60a7a1280fc317d968240c2dd9a30d74f8cd
Scripts_SQL/sql-2025-main/18_window_function.sql,Scripts_SQL,Scripts SQL,,sql-2025-main,18_window_function.sql,.sql,conteudo,359,f5f79a83931fce687b00be7ce4e300d4758027335ca77ff3868f8e70c8ccaabb
Scripts_SQL/sql-2025-main/19_window_function.sql,Scripts_SQL,Scripts SQL,,sql-2025-main,19_window_function.sql,.sql,conteudo,588,eb9ef538f845d1e7977c98586bbb655db80848e36f8d168d5532525d09d6d0b7
Scripts_SQL/sql-2025-main/20_window_function.sql,Scripts_SQL,Scripts SQL,,sql-2025-main,20_window_function.sql,.sql,conteudo,636,544a180925660f8454e1ef64d18dead940df6ae36275c0c1520109f7c08bc1c2
Scripts_SQL/sql-2025-main/21_create.sql,Scripts_SQL,Scripts SQL,,sql-2025-main,21_create.sql,.sql,conteudo,552,eed2b0348373ca59ca3a4ac096faaf2ce08d6a1e1217da8f783d170cedc7e150
Scripts_SQL/sql-2025-main/22_truncate.sql,Scripts_SQL,Scripts SQL,,sql-2025-main,22_truncate.sql,.sql,conteudo,106,1f96b9106ae2921c328cecab00fc21625b56639cca23ee7912823b66d7446f27
Scripts_SQL/sql-2025-main/23_insert.sql,Scripts_SQL,Scripts SQL,,sql-2025-main,23_insert.sql,.sql,conteudo,450,bac96bf4cbc5c961aa9cc632eaaa3990e80fbfaa8030bf1a242938da72475f35
Scripts_SQL/sql-2025-main/24_delete.sql,Scripts_SQL,Scripts SQL,,sql-2025-main,24_delete.sql,.sql,conteudo,112,e0c178cccca162aac3945535966d442858fbe9f7c011e0626a1aff66248a5b6d
Scripts_SQL/sql-2025-main/25_update.sql,Scripts_SQL,Scripts SQL,,sql-2025-main,25_update.sql,.sql,conteudo,153,dae4c045d156e38369974757e6951c54337c38d56410fe4eced7a4cfdb56b6ec
Scripts_SQL/sql-2025-main/26_create.sql,Scripts_SQL,Scripts SQL,,sql-2025-main,26_create.sql,.sql,conteudo,424,782d2d8b08454c2103870f85eef8b04dcfa94f2175ba9ac8b110af314cdef985
Scripts_SQL/sql-2025-main/etl.py,Scripts_SQL,Scripts SQL,,sql-2025-main,etl.py,.py,conteudo,665,f3b3c515cd0ef018ab7d6821ede4afaf6802b2b42d7fda413662acd04033c110
Scripts_SQL/sql-2025-main/etl_projeto.sql,Scripts_SQL,Scripts SQL,,sql-2025-main,etl_projeto.sql,.sql,conteudo,5581,54fdd8639f5a2fc0a786f40eb63084477281b7065b73df4bb89e2611ca7be30f
Scripts_SQL/sql-2025-main/schema.drawio,Scripts_SQL,Scripts SQL,,sql-2025-main,schema.drawio,.drawio,dado,0,e3b0c44298fc1c149afbf4c8996fb92427ae41e4649b934ca495991b7852b855
Scripts_SQL/sql-2025-main/schema_lotr.drawio,Scripts_SQL,Scripts SQL,,sql-2025-main,schema_lotr.drawio,.drawio,dado,28681,0b208ba535c19bcbf5f67ea2c76863f8da53c3ec22523e616b91631971d2f610
Scripts_SQL/Minicurso de SQL/Banco de Dados/banco_categorias.sql,Scripts_SQL,Scripts SQL,,Minicurso de SQL\Banco de Dados,banco_categorias.sql,.sql,conteudo,2052,ba7e733a2f7258e9c88efef865302ec7bca07e07310d85c96c823602df0ad532
Scripts_SQL/Minicurso de SQL/Banco de Dados/banco_clientes.sql,Scripts_SQL,Scripts SQL,,Minicurso de SQL\Banco de Dados,banco_clientes.sql,.sql,conteudo,12377,56cc2edd4938d0bb66500627c955741841e4613584961c9f0324694f6521deff
Scripts_SQL/Minicurso de SQL/Banco de Dados/banco_locais.sql,Scripts_SQL,Scripts SQL,,Minicurso de SQL\Banco de Dados,banco_locais.sql,.sql,conteudo,2135,c26aae91c1b758e289bf1295ec66aa8e8b0f03b2442c6cb27af9c8fa500db0af
Scripts_SQL/Minicurso de SQL/Banco de Dados/banco_lojas.sql,Scripts_SQL,Scripts SQL,,Minicurso de SQL\Banco de Dados,banco_lojas.sql,.sql,conteudo,2975,8f6c199df6ea4df7d5a7ef246cfbfae1ca47bfb791f6fb9a7812e79decd90af0
Scripts_SQL/Minicurso de SQL/Banco de Dados/banco_pedidos.sql,Scripts_SQL,Scripts SQL,,Minicurso de SQL\Banco de Dados,banco_pedidos.sql,.sql,conteudo,18556,e969948f55d32728cff544fb11446b5e7e6b428ff40af0ac05fe42042c89eeb4
Scripts_SQL/Minicurso de SQL/Banco de Dados/banco_produtos.sql,Scripts_SQL,Scripts SQL,,Minicurso de SQL\Banco de Dados,banco_produtos.sql,.sql,conteudo,3225,d6db2f701ec8868055813cc7161bc449d96b37c7daee6a2411f58ccca36b13fe
Scripts_SQL/SQL Impressionador - Hashtag/1.0.Boas Vindas/Apostila SQL Impressionador.pdf,Scripts_SQL,Scripts SQL,,SQL Impressionador - Hashtag\1.0.Boas Vindas,Apostila SQL Impressionador.pdf,.pdf,conteudo,16084931,3d235ab70cde294fcf8620cffaa613fbf1646362b8a0ff9d5fd8c55a9085e3dc
Scripts_SQL/SQL Impressionador - Hashtag/1.0.Boas Vindas/Contrato Alunos - SQL Impressionador.pdf,Scripts_SQL,Scripts SQL,,SQL Impressionador - Hashtag\1.0.Boas Vindas,Contrato Alunos - SQL Impressionador.pdf,.pdf,conteudo,70048,4a7f4a69d809617eacf07e2f6dd698ef4bbc1e2b7570633c20b0cc21c70cce97
Scripts_SQL/SQL Impressionador - Hashtag/10.0.[SQL Server] Variáveis/Arquivo da Aula.pdf,Scripts_SQL,Scripts SQL,,SQL Impressionador - Hashtag\10.0.[SQL Server] Variáveis,Arquivo da Aula.pdf,.pdf,conteudo,151341,54f31f021ffaeb2db9a19f720b891f53aef4f15df5a3c7efb6515bfcad08603f
Scripts_SQL/SQL Impressionador - Hashtag/11.0.[SQL Server] Manipulando Strings e Datas no SQL/Arquivo da Aula.pdf,Scripts_SQL,Scripts SQL,,SQL Impressionador - Hashtag\11.0.[SQL Server] Manipulando Strings e Datas no SQL,Arquivo da Aula.pdf,.pdf,conteudo,155726,b5faa462b1fea4d68c537386df817b4e96e14a8861b9f947cac400e9e8adc564
Scripts_SQL/SQL Impressionador - Hashtag/12.0.[SQL Server] Funções Condicionais/Arquivo da Aula.pdf,Scripts_SQL,Scripts SQL,,SQL Impressionador - Hashtag\12.0.[SQL Server] Funções Condicionais,Arquivo da Aula.pdf,.pdf,conteudo,169449,220aa4da96796bdc28e8e94aad8a883922a77d17bf4f214cbc029dc0953891b2
Scripts_SQL/SQL Impressionador - Hashtag/13.0.[SQL Server] SQL Views/Arquivo da Aula.pdf,Scripts_SQL,Scripts SQL,,SQL Impressionador - Hashtag\13.0.[SQL Server] SQL Views,Arquivo da Aula.pdf,.pdf,conteudo,120786,3689ffdb914b21211331a4ef8f325d044f146e5771ef1ca14e6f42c6ee402ad5
Scripts_SQL/SQL Impressionador - Hashtag/14.0.[MySQL] CRUD/Arquivo da Aula.pdf,Scripts_SQL,Scripts SQL,,SQL Impressionador - Hashtag\14.0.[MySQL] CRUD,Arquivo da Aula.pdf,.pdf,conteudo,152756,4582c22bafc4b5a0d9780fb063b95d37ceb574db15dbfc6a03c44a72143b7c37
Scripts_SQL/SQL Impressionador - Hashtag/5.0.[SQL Server] Ordenando e filtrando dados/Módulo 4 - Lista de Exercícios.pdf,Scripts_SQL,Scripts SQL,,SQL Impressionador - Hashtag\5.0.[SQL Server] Ordenando e filtrando dados,Módulo 4 - Lista de Exercícios.pdf,.pdf,conteudo,170150,cd3c41478e2b836d9ff0cc2ca69c503efda90063bc64b9f7285b627050b36c37
Scripts_SQL/SQL Impressionador - Hashtag/6.0.[SQL Server] Funções de Agregação/Módulo 5 - Lista de Exercícios.pdf,Scripts_SQL,Scripts SQL,,SQL Impressionador - Hashtag\6.0.[SQL Server] Funções de Agregação,Módulo 5 - Lista de Exercícios.pdf,.pdf,conteudo,136711,027992893e9d61420f99aeff2b6caadb0e11d67226b43477fc271c3acfe23ac7
Scripts_SQL/SQL Impressionador - Hashtag/7.0.[SQL Server] Criando agrupamentos no SQL/Módulo 6 - Lista de Exercícios.pdf,Scripts_SQL,Scripts SQL,,SQL Impressionador - Hashtag\7.0.[SQL Server] Criando agrupamentos no SQL,Módulo 6 - Lista de Exercícios.pdf,.pdf,conteudo,178220,c734b4126122b8da2e96f78bed800202aa21abe719ba2198db2e0545059e386a
Scripts_SQL/SQL Impressionador - Hashtag/8.0.[SQL Server] JOINs no SQL/Módulo 7 - Lista de Exercícios.pdf,Scripts_SQL,Scripts SQL,,SQL Impressionador - Hashtag\8.0.[SQL Server] JOINs no SQL,Módulo 7 - Lista de Exercícios.pdf,.pdf,conteudo,190798,8ab32ab019c8df723aa3eb63f4a06a3b76ffa9c326cdc2edf135dd2110d73175
Scripts_SQL/SQL Impressionador - Hashtag/9.0.[SQL Server] Group By + Joins - Aplicações/Arquivo da Aula.pdf,Scripts_SQL,Scripts SQL,,SQL Impressionador - Hashtag\9.0.[SQL Server] Group By + Joins - Aplicações,Arquivo da Aula.pdf,.pdf,conteudo,127633,6f5b886b965be34aeee5ede84bf27e30d6b25e455d35ebfc27dcf865dd24f7fd
Scripts_SQL/sql-2025-main/bora_praticar/01_join.sql,Scripts_SQL,Scripts SQL,,sql-2025-main\bora_praticar,01_join.sql,.sql,conteudo,302,a4f8d002698cfb37647062e0b81db2729ca3d14f0c0448ac2ce111c7c576b6da
Scripts_SQL/sql-2025-main/bora_praticar/01_where.sql,Scripts_SQL,Scripts SQL,,sql-2025-main\bora_praticar,01_where.sql,.sql,conteudo,147,083c105163f04414f96fd6a3ed4012d00d692a749562c687d6da3baa23e49e12
Scripts_SQL/sql-2025-main/bora_praticar/02_join.sql,Scripts_SQL,Scripts SQL,,sql-2025-main\bora_praticar,02_join.sql,.sql,conteudo,538,e91891ed3318e1b8c6bfa287452927db5b0c41af587b0a24df7fefdfb9be812c
Scripts_SQL/sql-2025-main/bora_praticar/02_where.sql,Scripts_SQL,Scripts SQL,,sql-2025-main\bora_praticar,02_where.sql,.sql,conteudo,109,c8051c6c081576b5b843d3f55ff2d49a69f30173fb87b5611b8ef9d1068678de
Scripts_SQL/sql-2025-main/bora_praticar/03_join.sql,Scripts_SQL,Scripts SQL,,sql-2025-main\bora_praticar,03_join.sql,.sql,conteudo,440,15704e73642b3a64bbbef90dbd856008e1e8d7f2f7b3ce617aad6d34fa32121c
Scripts_SQL/sql-2025-main/bora_praticar/03_where.sql,Scripts_SQL,Scripts SQL,,sql-2025-main\bora_praticar,03_where.sql,.sql,conteudo,133,e19cf7509c908e22075bc17ef8bc829ce013dd093d9ba0a78b921ca32222cb63
Scripts_SQL/sql-2025-main/bora_praticar/04_where.sql,Scripts_SQL,Scripts SQL,,sql-2025-main\bora_praticar,04_where.sql,.sql,conteudo,384,b4dd08ea6e804589bcd76c502b64de64f04fde0d4c3bb2b506f88b88e87b14ca
Scripts_SQL/sql-2025-main/exercicios/01_groupby.sql,Scripts_SQL,Scripts SQL,,sql-2025-main\exercicios,01_groupby.sql,.sql,conteudo,134,e7adbb08122ca1427ddfb56e0358cc144e260f0e330b05f7a2fede235c8938f7
Scripts_SQL/sql-2025-main/exercicios/01_join.sql,Scripts_SQL,Scripts SQL,,sql-2025-main\exercicios,01_join.sql,.sql,conteudo,388,c4025b752a546c34b70d64d9eafd0cb4d6c9e84b7c3e4276ab1839776d2fc4ff
Scripts_SQL/sql-2025-main/exercicios/01_where.sql,Scripts_SQL,Scripts SQL,,sql-2025-main\exercicios,01_where.sql,.sql,conteudo,129,4b930b6ab6fd1bb8692323ea3f865dd32cf872a8b3c1a9f2cd8b6c2518146cd8
Scripts_SQL/sql-2025-main/exercicios/02_groupby.sql,Scripts_SQL,Scripts SQL,,sql-2025-main\exercicios,02_groupby.sql,.sql,conteudo,290,9416142ebebd9331f8745af1a5551092330bb11e4403564d24469301c9114133
Scripts_SQL/sql-2025-main/exercicios/02_join.sql,Scripts_SQL,Scripts SQL,,sql-2025-main\exercicios,02_join.sql,.sql,conteudo,385,d6945cc311703b0b3a6ede397d686d16607df0814d8c894990eac22a1c488333
Scripts_SQL/sql-2025-main/exercicios/02_where.sql,Scripts_SQL,Scripts SQL,,sql-2025-main\exercicios,02_where.sql,.sql,conteudo,250,6206d4bd46498d5e5ca566e874d3a9802bd4df407ff07edce3395aa9d8c8d41a
Scripts_SQL/sql-2025-main/exercicios/03_groupby.sql,Scripts_SQL,Scripts SQL,,sql-2025-main\exercicios,03_groupby.sql,.sql,conteudo,377,7414405abbcc396851ae7d2733e9bf61729cb5ef70735832db5b5b0e628214f1
Scripts_SQL/sql-2025-main/exercicios/03_join.sql,Scripts_SQL,Scripts SQL,,sql-2025-main\exercicios,03_join.sql,.sql,conteudo,428,62c5a2574f31b76cc1a3f9abbaf202e7042e51ba34c2e96c1fa00870367a8ca4
Scripts_SQL/sql-2025-main/exercicios/03_where.sql,Scripts_SQL,Scripts SQL,,sql-2025-main\exercicios,03_where.sql,.sql,conteudo,123,37f36c1f1a97fbc3d2dc17630442c3bec77d5e73b0c14857460a2c24499d6a7a
Scripts_SQL/sql-2025-main/exercicios/04_groupby.sql,Scripts_SQL,Scripts SQL,,sql-2025-main\exercicios,04_groupby.sql,.sql,conteudo,205,6dbab1a7b9cc87124dae4652133f53b72b75b72ca5fed6cfae52c0f398c2ad37
Scripts_SQL/sql-2025-main/exercicios/04_join.sql,Scripts_SQL,Scripts SQL,,sql-2025-main\exercicios,04_join.sql,.sql,conteudo,333,a886f3dff0b12285cd9dfeb7d25eff952283ccf97a89fb387572c7f7a2eeb222
Scripts_SQL/sql-2025-main/exercicios/04_where.sql,Scripts_SQL,Scripts SQL,,sql-2025-main\exercicios,04_where.sql,.sql,conteudo,211,4fbb01f9cb63c2967121ed4670de8cb22a9e0261cec7d79810910d1cbd734812
Scripts_SQL/sql-2025-main/exercicios/05_groupby.sql,Scripts_SQL,Scripts SQL,,sql-2025-main\exercicios,05_groupby.sql,.sql,conteudo,439,fd8506f744695b07952adbb4e32ea0139829088cae03a22972646ce726bdd079
Scripts_SQL/sql-2025-main/exercicios/05_where.sql,Scripts_SQL,Scripts SQL,,sql-2025-main\exercicios,05_where.sql,.sql,conteudo,128,4e81ab6ab8f0d84e78820c3cbaaede9fa171cb7bab28b6f5cba3e995a8958994
Scripts_SQL/sql-2025-main/exercicios/05_window.sql,Scripts_SQL,Scripts SQL,,sql-2025-main\exercicios,05_window.sql,.sql,conteudo,535,5391e70cac7f372b43729f9553f03f6962b85223173c448d5405785e97b66208
Scripts_SQL/sql-2025-main/exercicios/06_groupby.sql,Scripts_SQL,Scripts SQL,,sql-2025-main\exercicios,06_groupby.sql,.sql,conteudo,346,701913b2227075ea6d3f034fcd44138e7310ab65bf785a5a77c02ed5c15280b8
Scripts_SQL/sql-2025-main/exercicios/06_where.sql,Scripts_SQL,Scripts SQL,,sql-2025-main\exercicios,06_where.sql,.sql,conteudo,122,d7c2da155e6d4f410a357fccd4c0dfcc9bea7786473b96a0117e74a70d0e6ffa
Scripts_SQL/sql-2025-main/exercicios/06_window.sql,Scripts_SQL,Scripts SQL,,sql-2025-main\exercicios,06_window.sql,.sql,conteudo,432,2fc13512fb0265683a75b55ca6add07cb3005432deb60749955ca0453ec2d54a
Scripts_SQL/sql-2025-main/exercicios/07_groupby.sql,Scripts_SQL,Scripts SQL,,sql-2025-main\exercicios,07_groupby.sql,.sql,conteudo,205,94306df584c23421f80c3da571b199cbea3debeebb8f4cae94cc1afe0fa2cb35
Scripts_SQL/sql-2025-main/exercicios/07_where.sql,Scripts_SQL,Scripts SQL,,sql-2025-main\exercicios,07_where.sql,.sql,conteudo,111,eb96c8fbf7fc1e6ef443ac0d5559a99f9911ca213ac9055c861d0dad3b8cd69a
Scripts_SQL/sql-2025-main/exercicios/07_window.sql,Scripts_SQL,Scripts SQL,,sql-2025-main\exercicios,07_window.sql,.sql,conteudo,899,31a9402e4f9b6666930dcd14d68f23307887a109709fc5b266ec92985117aa89
Scripts_SQL/sql-2025-main/exercicios/08_groupby.sql,Scripts_SQL,Scripts SQL,,sql-2025-main\exercicios,08_groupby.sql,.sql,conteudo,239,c78fbe6933b8e9abe86726fc14160cc1f9a60dcbc4355e60749f953e8683e099
Scripts_SQL/sql-2025-main/exercicios/08_where.sql,Scripts_SQL,Scripts SQL,,sql-2025-main\exercicios,08_where.sql,.sql,conteudo,122,4ed362beff4674f02454e357cec04faf6ed6ab7059826a21dcb0c7f195d6111a
Scripts_SQL/sql-2025-main/exercicios/08_window.sql,Scripts_SQL,Scripts SQL,,sql-2025-main\exercicios,08_window.sql,.sql,conteudo,527,a83be64ac4d21ad88d1b795f62aaf3bca53ee13265f672c2efe825bae4da9d2a
Scripts_SQL/sql-2025-main/exercicios/09_where.sql,Scripts_SQL,Scripts SQL,,sql-2025-main\exercicios,09_where.sql,.sql,conteudo,424,4bbd0f8f8fb7ce4608fd001864677bcedfb2ce42f159f89380c3d7b2ec44a0d2
Scripts_SQL/sql-2025-main/exercicios/10_join_cte.sql,Scripts_SQL,Scripts SQL,,sql-2025-main\exercicios,10_join_cte.sql,.sql,conteudo,984,b85969308aecbbefa2e12ba66b1f58e77c623f56e391e98d5f9daec16e79c5a5
Scripts_SQL/sql-2025-main/exercicios/11_join_cte.sql,Scripts_SQL,Scripts SQL,,sql-2025-main\exercicios,11_join_cte.sql,.sql,conteudo,944,97a33c4c264fbc100c80a07dd6c1f017cb003ccdd3b01b59f1f1eb2da77961f2
Scripts_SQL/sql-2025-main/exercicios/12_join_cte.sql,Scripts_SQL,Scripts SQL,,sql-2025-main\exercicios,12_join_cte.sql,.sql,conteudo,1028,a9791f5cc852fc9df821c24217309bcaca3bf103a166c00155ad8c072ab523ae
Scripts_SQL/sql-2025-main/exercicios/13_join.sql,Scripts_SQL,Scripts SQL,,sql-2025-main\exercicios,13_join.sql,.sql,conteudo,817,67ca660afa3f06b04ccc879bfdde8937058c2359f30fee90feae342350651d40
DataScience_UD/Codigos Python/00 - GoT.ipynb,DataScience_UD,Data Science,,Codigos Python,00 - GoT.ipynb,.ipynb,conteudo,2850129,dfcd584a52f7d0c1f142c2ec5e264de7f15494f5b98b43c1e8a84b67a190ea92
DataScience_UD/Codigos Python/01 - Introdução.ipynb,DataScience_UD,Data Science,,Codigos Python,01 - Introdução.ipynb,.ipynb,conteudo,229349,85e8896e0b82306fdec8d8dc83c5218becb3d0a7c6210542798c54b2f9d02356
DataScience_UD/Codigos Python/02 - Condicionais.ipynb,DataScience_UD,Data Science,,Codigos Python,02 - Condicionais.ipynb,.ipynb,conteudo,224003,57ce5ebdd419e726243d72fd957abee3462049a029bb08a03f6b2c9dbf9b7e18
DataScience_UD/Codigos Python/03 - Funções Built in.ipynb,DataScience_UD,Data Science,,Codigos Python,03 - Funções Built in.ipynb,.ipynb,conteudo,225686,e06b837df6275d2c9b2e214ed0a418710b01b38048368d02826293aad02d0853
DataScience_UD/Codigos Python/04 - Exercícios 01.ipynb,DataScience_UD,Data Science,,Codigos Python,04 - Exercícios 01.ipynb,.ipynb,conteudo,223231,cfbd04a136911b6ffeb624d47480a7ae751111ac589234be8076dec55872be27
DataScience_UD/Codigos Python/05 - Procedimentos.ipynb,DataScience_UD,Data Science,,Codigos Python,05 - Procedimentos.ipynb,.ipynb,conteudo,227077,93b95329033c808a27ee545d981408bbf14342de673453521c00542e9a9bb0ca
DataScience_UD/Codigos Python/06 - Procedimentos aninhados.ipynb,DataScience_UD,Data Science,,Codigos Python,06 - Procedimentos aninhados.ipynb,.ipynb,conteudo,224395,7f405d0cb1a4a1f690a80ea5e8a42ef369298c5632d63cc5239f208d33840272
DataScience_UD/Codigos Python/07 - Listas e Sets.ipynb,DataScience_UD,Data Science,,Codigos Python,07 - Listas e Sets.ipynb,.ipynb,conteudo,235308,22737f95e355af33d399670d62ee95b1b288530f14baefe15f9dd2597d28b8f7
DataScience_UD/Codigos Python/08 -  Loops.ipynb,DataScience_UD,Data Science,,Codigos Python,08 -  Loops.ipynb,.ipynb,conteudo,64321,0b452d2c52fee11f9f9d0a3e24e298b15217585aa63ac559649927cdc3e917c1
DataScience_UD/Codigos Python/09 - Tuplas e Dicionários.ipynb,DataScience_UD,Data Science,,Codigos Python,09 - Tuplas e Dicionários.ipynb,.ipynb,conteudo,74781,8194161fb2abd485d1bb21f98094f9ef71b5b1c7277ee170a0a4591fb5094c47
DataScience_UD/Codigos Python/10 - Manipulando Arquivos.ipynb,DataScience_UD,Data Science,,Codigos Python,10 - Manipulando Arquivos.ipynb,.ipynb,conteudo,272277,c22f64e2d04d6caf2e2d885918f4754577bfdbd2fa002eb29e5f9724d71e3a90
DataScience_UD/Codigos Python/11 - Introducao a Bibliotecas.ipynb,DataScience_UD,Data Science,,Codigos Python,11 - Introducao a Bibliotecas.ipynb,.ipynb,conteudo,54200,88282b7925f8f874b98d4553595dd1807bfc1e982a5f95467a9c21796386f9b5
DataScience_UD/Codigos Python/12 - Importando Bibliotecas.ipynb,DataScience_UD,Data Science,,Codigos Python,12 - Importando Bibliotecas.ipynb,.ipynb,conteudo,53685,907d5bb76b527185ec5502b1a858530b476cc9199229c1418042272e5008aed8
DataScience_UD/Codigos Python/13 - Organizando dados com Python.ipynb,DataScience_UD,Data Science,,Codigos Python,13 - Organizando dados com Python.ipynb,.ipynb,conteudo,1745663,41651d7cc84def161c343413f55a719ead4975ce73306e75a4269deb6137acb5
DataScience_UD/Codigos Python/14 - Leitura de Arquivos com Pandas - O básico.ipynb,DataScience_UD,Data Science,,Codigos Python,14 - Leitura de Arquivos com Pandas - O básico.ipynb,.ipynb,conteudo,70021,4d1da9cca47354749a185e148d4f0632e646b64b1ed98ad2f0ddd1a8d1bbd322
DataScience_UD/Codigos Python/14 - Pandas.ipynb,DataScience_UD,Data Science,,Codigos Python,14 - Pandas.ipynb,.ipynb,conteudo,1799,c9e1e35ca025820919137db475a9786b6020491593cf8f592b9bcd2ea7b887a0
DataScience_UD/Codigos Python/15 - Manipulação avançada de arquivos.ipynb,DataScience_UD,Data Science,,Codigos Python,15 - Manipulação avançada de arquivos.ipynb,.ipynb,conteudo,56294,aeef0694e0331c64e56ce8c1a47768e3d710364209796c2926dbb1480ff816af
DataScience_UD/Codigos Python/16 - Interagindo com o SO.ipynb,DataScience_UD,Data Science,,Codigos Python,16 - Interagindo com o SO.ipynb,.ipynb,conteudo,63780,bc06623f10e3d4af1c66a210353a8ecbfcd4a18c085e405356839f8ecdd54019
DataScience_UD/Codigos Python/17 - Interagindo com Paths.ipynb,DataScience_UD,Data Science,,Codigos Python,17 - Interagindo com Paths.ipynb,.ipynb,conteudo,73735,25fc5dc443e04f7e7b79c8d208a4621cf9246eb236734f679696360466b15aca
DataScience_UD/Codigos Python/18 - Iterando arquivos.ipynb,DataScience_UD,Data Science,,Codigos Python,18 - Iterando arquivos.ipynb,.ipynb,conteudo,56765,5b5f1d1e9fe1d7f208ed8a096c7d76610b7456fa663c4de2a03c5bd338d3bc17
DataScience_UD/Codigos Python/19 -  A Biblioteca NumPy.ipynb,DataScience_UD,Data Science,,Codigos Python,19 -  A Biblioteca NumPy.ipynb,.ipynb,conteudo,65247,bc096a1ad29ee5a963bc0856a5da6b4b889b3136eba767984c53688b0bae6b53
DataScience_UD/Codigos Python/20 -  Tipagem e Operações.ipynb,DataScience_UD,Data Science,,Codigos Python,20 -  Tipagem e Operações.ipynb,.ipynb,conteudo,78473,3ff4c7fec0a52fccfc31bc052eccc54d3dd097213f81e4fd3909f1caf356d5ca
DataScience_UD/Codigos Python/21 - Testes de Performance.ipynb,DataScience_UD,Data Science,,Codigos Python,21 - Testes de Performance.ipynb,.ipynb,conteudo,60962,5176b954cc0ff0e9c0cf3dbb535d3e426786bce3bbadcbe97883db4aa780a1a0
DataScience_UD/Codigos Python/22 - Indexação de Arrays.ipynb,DataScience_UD,Data Science,,Codigos Python,22 - Indexação de Arrays.ipynb,.ipynb,conteudo,55525,880810821528d9f0f4ac07bf04d6dd35b86fe690e8744f5ea2b36df327407703
DataScience_UD/Codigos Python/23 - Indexação de Arrays Multidimensionais.ipynb,DataScience_UD,Data Science,,Codigos Python,23 - Indexação de Arrays Multidimensionais.ipynb,.ipynb,conteudo,62819,b39279d39da2f70d9e02d95263a30e1bb7bbf6e18861c8694c137120abe7660f
DataScience_UD/Codigos Python/24 - Matrizes NumPy.ipynb,DataScience_UD,Data Science,,Codigos Python,24 - Matrizes NumPy.ipynb,.ipynb,conteudo,61746,bdb7a9ebe9d95ad76369c586749b2679646b3022599cdd6c63ded33e2fe7ea64
DataScience_UD/Codigos Python/25 - Transposição e Reshaping.ipynb,DataScience_UD,Data Science,,Codigos Python,25 - Transposição e Reshaping.ipynb,.ipynb,conteudo,57224,f27543edc74a16f1fe70ce66f9c12680d53c46ba5761e69f674494ab9fa08224
DataScience_UD/Datasets/Alunos.xlsx,DataScience_UD,Data Science,,Datasets,Alunos.xlsx,.xlsx,dado,9974,c57ab86442611d5ba50114835864fdf9b0cabca8e31f095d6e6b3551dda66044
DataScience_UD/Datasets/Analises GoT.ipynb,DataScience_UD,Data Science,,Datasets,Analises GoT.ipynb,.ipynb,conteudo,10044,7e7ecbaa1d73bc837ecb68e8e3d4530159cc6b66588e65ccc630b951b4609e40
DataScience_UD/Datasets/arquivo.csv,DataScience_UD,Data Science,,Datasets,arquivo.csv,.csv,dado,73,ecff6d59d73e7fe591732da36304508e460a82a1636d62fcb8745afc0db68088
DataScience_UD/Datasets/ca-500.csv,DataScience_UD,Data Science,,Datasets,ca-500.csv,.csv,dado,88661,260665588b93f6d2fcd54c2821d7457bd29a13875ea946a7619f64bc1f69b701
DataScience_UD/Datasets/Clientes Africa do Sul.csv,DataScience_UD,Data Science,,Datasets,Clientes Africa do Sul.csv,.csv,dado,29423990,ef629fb261dccbcfc9a586fcd7ca8ccc116233490b1d5e78b6104ef680667484
DataScience_UD/Datasets/Clientes Banco.csv,DataScience_UD,Data Science,,Datasets,Clientes Banco.csv,.csv,dado,1370,d18231e35ec364e9dc5468fd10cbaf756dde3cd978718286066de980949cd7cb
DataScience_UD/Datasets/Clientes.csv,DataScience_UD,Data Science,,Datasets,Clientes.csv,.csv,dado,1790,0da98080c62df191d5d157e454b7c753ce3f900480a08026b4ce5429647c3176
DataScience_UD/Datasets/Diarias.csv,DataScience_UD,Data Science,,Datasets,Diarias.csv,.csv,dado,13862982,cedfe79572420d2f10fcb63084c941deb8035d3657f971b7bb561056a349f603
DataScience_UD/Datasets/drinks.csv,DataScience_UD,Data Science,,Datasets,drinks.csv,.csv,dado,8010,6de248907fc2640eb74c4935c4f189e61a8c662d900ec637933ccdbe7c2d1feb
DataScience_UD/Datasets/eixos.csv,DataScience_UD,Data Science,,Datasets,eixos.csv,.csv,dado,33,5895811af1ed0fb5ebdb955e36c12b95a4a4e559909c04cb6b39d6da10374339
DataScience_UD/Datasets/Fixed-Width.txt,DataScience_UD,Data Science,,Datasets,Fixed-Width.txt,.txt,conteudo,2963133,af8f7da7798bc6afa057dcb58da2acd489889db1316b23cf43046110e91f1bc7
DataScience_UD/Datasets/game-of-thrones.zip,DataScience_UD,Data Science,,Datasets,game-of-thrones.zip,.zip,dado,65992,42e4342e379fc219d5a5c23cdfd60996004b8810b42a3c8d9783fa230646f63c
DataScience_UD/Datasets/GOT-character-deaths.csv,DataScience_UD,Data Science,,Datasets,GOT-character-deaths.csv,.csv,dado,38873,35a3d2d337b53a1ae51ecb4fd7f66967578a154342f34b771d4021921f9a5597
DataScience_UD/Datasets/GoT.ipynb,DataScience_UD,Data Science,,Datasets,GoT.ipynb,.ipynb,conteudo,2850131,b4ca394fbc293bbcf0c3591724c8e85caddb703913297e34bb8a13563ba3cc13
DataScience_UD/Datasets/GOTS01.json,DataScience_UD,Data Science,,Datasets,GOTS01.json,.json,dado,1163,910e7fa6a303717b693c71417f3f147a4d896357a551a969fb452b2aee73ef37
DataScience_UD/Datasets/GOTS02.json,DataScience_UD,Data Science,,Datasets,GOTS02.json,.json,dado,1190,4cf5b4d86a58153a7ab0caf6d16cc1e81857ec7a4bf27394b287cda7c3558cca
DataScience_UD/Datasets/GOTS03.json,DataScience_UD,Data Science,,Datasets,GOTS03.json,.json,dado,1170,f8e474da8f4a2cfbf40f300ea33274434302b9377e2eb8ebaf99052869e53f4f
DataScience_UD/Datasets/GOTS04.json,DataScience_UD,Data Science,,Datasets,GOTS04.json,.json,dado,1173,2649d4af1adb3ee3d7ef2242bb5ba720c7609dd3f70a2a69d3e876de81ec0e9e
DataScience_UD/Datasets/GOTS05.json,DataScience_UD,Data Science,,Datasets,GOTS05.json,.json,dado,1161,4de6dd8becee02d3d44139733dffc8c1b2a4dbfd14d94b46589c9e6daa4e93a7
DataScience_UD/Datasets/GOTS06.json,DataScience_UD,Data Science,,Datasets,GOTS06.json,.json,dado,1135,d1b7abf7252cb8f0bf7d10c9dd9ca9c676b9513a39de2e0ed7c3cb23e7ff821c
DataScience_UD/Datasets/GOTS07.json,DataScience_UD,Data Science,,Datasets,GOTS07.json,.json,dado,830,b3b7b9448359500bc83c4ae44273dd2cce2a6f35d179e6aef26595453bbb8e90
DataScience_UD/Datasets/LarguraFixa.txt,DataScience_UD,Data Science,,Datasets,LarguraFixa.txt,.txt,conteudo,2963133,af8f7da7798bc6afa057dcb58da2acd489889db1316b23cf43046110e91f1bc7
DataScience_UD/Datasets/linhas.csv,DataScience_UD,Data Science,,Datasets,linhas.csv,.csv,dado,112,6cea67a350abbd7514101952f4f689746becfadbf30c67bf0955061012a37b1b
DataScience_UD/Datasets/lrdatahd.png,DataScience_UD,Data Science,,Datasets,lrdatahd.png,.png,dado,44789,1778e30fd1e0313ee9a4973064ebd6d0db23e9f9181e4c7035018dcd7191a55f
DataScience_UD/Datasets/media.py,DataScience_UD,Data Science,,Datasets,media.py,.py,conteudo,119,b44abf2112c9bbd49df61dd8c8cf215ae571f937064d2c90484816666e361f7c
DataScience_UD/Datasets/movies.csv,DataScience_UD,Data Science,,Datasets,movies.csv,.csv,dado,92477,15c1ef82b06fd5eb30aece9e4a4af91f77a1c05ad5622c5bfccef1b9e866b2b8
DataScience_UD/Datasets/nulos.csv,DataScience_UD,Data Science,,Datasets,nulos.csv,.csv,dado,34,0eedfd571147ea7a99ae3710c895048f74ee996ad19048c26187666ff408ee87
DataScience_UD/Datasets/ProdutosEstoque.csv,DataScience_UD,Data Science,,Datasets,ProdutosEstoque.csv,.csv,dado,31873,fcdd0cc78db57129e35b6991c8b5bc63d851b0021dc4936b82ce9c6e9232cc39
DataScience_UD/Datasets/Sanduiches.txt,DataScience_UD,Data Science,,Datasets,Sanduiches.txt,.txt,conteudo,369596,49867a21ae6a5bb7e7a7f0dc362d513173aee9326b8a3ef74ba12893c7b24c57
DataScience_UD/Datasets/SepEspaco.txt,DataScience_UD,Data Science,,Datasets,SepEspaco.txt,.txt,conteudo,35148,afc7388d85ac282d8dfa26cd0ce9a9087b6746f87b9a511e2ead822188510c60
DataScience_UD/Datasets/titanic.csv,DataScience_UD,Data Science,,Datasets,titanic.csv,.csv,dado,60302,4a437fde05fe5264e1701a7387ac6fb75393772ba38bb2c9c566405af5af4bd7
DataScience_UD/Datasets/Transacoes.csv,DataScience_UD,Data Science,,Datasets,Transacoes.csv,.csv,dado,2042,930f56aabff0ac8ad911f01209140ee6dabaf24cb145798d12ebd1b5b6ef9fa8
DataScience_UD/Datasets/ufo.csv,DataScience_UD,Data Science,,Datasets,ufo.csv,.csv,dado,687122,5084fbf6323d48a8852f39d3fb8ef391bc4a69d847ad387bb740751474644399
DataScience_UD/Datasets/Users.txt,DataScience_UD,Data Science,,Datasets,Users.txt,.txt,conteudo,23569,4c204cf75f4fd6a0935418019e5efeacd883325a2b39c8bc9567d7fdaf964e9a
DataScience_UD/Iteracao/Arquivo01.docx,DataScience_UD,Data Science,,Iteracao,Arquivo01.docx,.docx,outro,0,e3b0c44298fc1c149afbf4c8996fb92427ae41e4649b934ca495991b7852b855
DataScience_UD/Iteracao/Arquivo02.xlsx,DataScience_UD,Data Science,,Iteracao,Arquivo02.xlsx,.xlsx,dado,0,e3b0c44298fc1c149afbf4c8996fb92427ae41e4649b934ca495991b7852b855
DataScience_UD/Iteracao/Arquivo03.pptx,DataScience_UD,Data Science,,Iteracao,Arquivo03.pptx,.pptx,conteudo,0,e3b0c44298fc1c149afbf4c8996fb92427ae41e4649b934ca495991b7852b855
DataScience_UD/Iteracao/Arquivo04.rar,DataScience_UD,Data Science,,Iteracao,Arquivo04.rar,.rar,dado,20,30cbdc8b7afd4e079e93f1666220080b31a9b177f4d94ddcc1e5555fb8821f41
DataScience_UD/Iteracao/Avaliacoes.csv,DataScience_UD,Data Science,,Iteracao,Avaliacoes.csv,.csv,dado,0,e3b0c44298fc1c149afbf4c8996fb92427ae41e4649b934ca495991b7852b855
DataScience_UD/Iteracao/Diretoria.csv,DataScience_UD,Data Science,,Iteracao,Diretoria.csv,.csv,dado,0,e3b0c44298fc1c149afbf4c8996fb92427ae41e4649b934ca495991b7852b855
DataScience_UD/Iteracao/Faturamento.csv,DataScience_UD,Data Science,,Iteracao,Faturamento.csv,.csv,dado,0,e3b0c44298fc1c149afbf4c8996fb92427ae41e4649b934ca495991b7852b855
DataScience_UD/Iteracao/Funcionarios.csv,DataScience_UD,Data Science,,Iteracao,Funcionarios.csv,.csv,dado,0,e3b0c44298fc1c149afbf4c8996fb92427ae41e4649b934ca495991b7852b855
DataScience_UD/Iteracao/Recursos Humanos.csv,DataScience_UD,Data Science,,Iteracao,Recursos Humanos.csv,.csv,dado,0,e3b0c44298fc1c149afbf4c8996fb92427ae41e4649b934ca495991b7852b855
DataScience_UD/Iteracao/Vendedores.csv,DataScience_UD,Data Science,,Iteracao,Vendedores.csv,.csv,dado,0,e3b0c44298fc1c149afbf4c8996fb92427ae41e4649b934ca495991b7852b855
DataScience_UD/Codigos Python/.ipynb_checkpoints/07 - Listas e Sets-checkpoint.ipynb,DataScience_UD,Data Science,,Codigos Python\.ipynb_checkpoints,07 - Listas e Sets-checkpoint.ipynb,.ipynb,conteudo,239497,5e7a6397519f144cb1d4bcd51a0596569d0c5c355b16c3ebe09876226402dfc5
DataScience_UD/Codigos Python/MPLib/MP01 - Scater Plot.ipynb,DataScience_UD,Data Science,,Codigos Python\MPLib,MP01 - Scater Plot.ipynb,.ipynb,conteudo,163595,9baf9979a7f94ba933c1177f0f92f2de6e1df121eec3a582c82ffd184f98d9ee
DataScience_UD/Codigos Python/MPLib/MP02 - Gráficos de Linhas.ipynb,DataScience_UD,Data Science,,Codigos Python\MPLib,MP02 - Gráficos de Linhas.ipynb,.ipynb,conteudo,345475,31d2576913f68237d6b82fa93c970bf153706c5d65a86acb03ee37d06db07740
"DataScience_UD/Codigos Python/MPLib/MP03 Customização de titulos, legendas e labels.ipynb",DataScience_UD,Data Science,,Codigos Python\MPLib,"MP03 Customização de titulos, legendas e labels.ipynb",.ipynb,conteudo,420899,12344e90fcef13a8c9ea7d2fed27f3bcbbe4e9b49ac6f816d6f0e1a0b8d22276
DataScience_UD/Codigos Python/MPLib/MP04 - Exercício de Fixação.ipynb,DataScience_UD,Data Science,,Codigos Python\MPLib,MP04 - Exercício de Fixação.ipynb,.ipynb,conteudo,194669,bb983b12ae9bc65844f8a383d717dd5602f518ec80080bcea92a447818e338fb
DataScience_UD/Codigos Python/MPLib/MP05 - Correção do Exercício.ipynb,DataScience_UD,Data Science,,Codigos Python\MPLib,MP05 - Correção do Exercício.ipynb,.ipynb,conteudo,162218,126fb5fba23df1c4786b1484463da3c75a1162358f0a4eacf4ce57a214876b2a
DataScience_UD/Codigos Python/MPLib/MP06 Dicas Gerais e O.O.ipynb,DataScience_UD,Data Science,,Codigos Python\MPLib,MP06 Dicas Gerais e O.O.ipynb,.ipynb,conteudo,1387397,a59d519494387dbac8492d0c1fae0c2ec1a07ffcac5b1383af7af754fb51b127
DataScience_UD/Codigos Python/Pandas/001 - Manipulação de Dados com Pandas.ipynb,DataScience_UD,Data Science,,Codigos Python\Pandas,001 - Manipulação de Dados com Pandas.ipynb,.ipynb,conteudo,356371,a637ecf689d87dd06bce37a6cf3f0d195cd83b9eefacf82524135cccd2f527c5
"DataScience_UD/Codigos Python/Pandas/002 - Métodos, tratamento de linhas e colunas.ipynb",DataScience_UD,Data Science,,Codigos Python\Pandas,"002 - Métodos, tratamento de linhas e colunas.ipynb",.ipynb,conteudo,60356,fd47e34731fbbdb9f197dd7b619aecd461562d7a5e7a5a22e37a08472bb386fb
DataScience_UD/Codigos Python/Pandas/003 - Ordenando Dataframes.ipynb,DataScience_UD,Data Science,,Codigos Python\Pandas,003 - Ordenando Dataframes.ipynb,.ipynb,conteudo,59448,746df14fd0ac9318ae452329f59cad92cf7c43dbf040c7bec86ba9ce20a1b300
DataScience_UD/Codigos Python/Pandas/004 - Iteração e o método Describe.ipynb,DataScience_UD,Data Science,,Codigos Python\Pandas,004 - Iteração e o método Describe.ipynb,.ipynb,conteudo,54335,36e6ac70f341402cc1744be72b691331c54b683df228f01350e4d4a4428825d5
DataScience_UD/Codigos Python/Pandas/005 - Aplicando Múltiplos Filtros.ipynb,DataScience_UD,Data Science,,Codigos Python\Pandas,005 - Aplicando Múltiplos Filtros.ipynb,.ipynb,conteudo,71722,c661ae3c9efd3facaa2e3ecdbbea2c5bc7487741cd597d9f2cdc3a80d16a1d83
DataScience_UD/Codigos Python/Pandas/006 - Aprofundando em Eixos.ipynb,DataScience_UD,Data Science,,Codigos Python\Pandas,006 - Aprofundando em Eixos.ipynb,.ipynb,conteudo,442860,b917c3c417a4032fb96519c9bdffab9cbd82560f098268957391483c2a3a478c
DataScience_UD/Codigos Python/Pandas/007 - Métodos de Strings.ipynb,DataScience_UD,Data Science,,Codigos Python\Pandas,007 - Métodos de Strings.ipynb,.ipynb,conteudo,186382,ba989b1320d2a7058ae560fd9370a5f134e79519caacb52ba3ce0c263f3d9ceb
DataScience_UD/Codigos Python/Pandas/008 - Aprofundando em DataTypes.ipynb,DataScience_UD,Data Science,,Codigos Python\Pandas,008 - Aprofundando em DataTypes.ipynb,.ipynb,conteudo,239915,9de59dbbde4eac4efd6bc02caa329e1d3d5a49938c63fb41da548753657dc30d
DataScience_UD/Codigos Python/Pandas/009 - Tratando valores nulos.ipynb,DataScience_UD,Data Science,,Codigos Python\Pandas,009 - Tratando valores nulos.ipynb,.ipynb,conteudo,205929,226a0f211f4f08bfebbdfffcf557abd419641899ebb9418bf9ad4baa7af30d75
DataScience_UD/Codigos Python/Pandas/010 - Agrupando dados.ipynb,DataScience_UD,Data Science,,Codigos Python\Pandas,010 - Agrupando dados.ipynb,.ipynb,conteudo,407919,6b753c153853b26a382074c058e9e15991d06a620861c4fb097b6f88b3762ce9
DataScience_UD/Codigos Python/Pandas/011 - Explorando Series Não Numéricas.ipynb,DataScience_UD,Data Science,,Codigos Python\Pandas,011 - Explorando Series Não Numéricas.ipynb,.ipynb,conteudo,55770,961a19f50b80dc70bc03de4383326bb86f4fb744062e1636f54d8f26209863ec
DataScience_UD/Codigos Python/Pandas/012 - Explorando Series Numéricas.ipynb,DataScience_UD,Data Science,,Codigos Python\Pandas,012 - Explorando Series Numéricas.ipynb,.ipynb,conteudo,54786,7319abccf8a974a3bdf72ee79d4828bccadc0ef6b7d154e873c89e4aa5a913f9
DataScience_UD/Codigos Python/Pandas/013 - Manipulando Índices.ipynb,DataScience_UD,Data Science,,Codigos Python\Pandas,013 - Manipulando Índices.ipynb,.ipynb,conteudo,101636,4a2a2ecdfdfbb75a016c9c49b878a6114887732be3b6d51fef2b28e1b750cdf9
DataScience_UD/Codigos Python/Pandas/014 - Combinando índices e group by.ipynb,DataScience_UD,Data Science,,Codigos Python\Pandas,014 - Combinando índices e group by.ipynb,.ipynb,conteudo,62778,ab8640df5253b527c51781295fc68f319538da65f9519ceef41b7ca6dcb26eac
DataScience_UD/Codigos Python/Pandas/015 - Selecionando partes do Dataframe - loc e iloc.ipynb,DataScience_UD,Data Science,,Codigos Python\Pandas,015 - Selecionando partes do Dataframe - loc e iloc.ipynb,.ipynb,conteudo,418592,1aa78479fa6835e376813f07157f6847b20c09636166967e8a71209439147003
DataScience_UD/Codigos Python/Pandas/016 - Trabalhando com Tempo no Pandas.ipynb,DataScience_UD,Data Science,,Codigos Python\Pandas,016 - Trabalhando com Tempo no Pandas.ipynb,.ipynb,conteudo,87548,fc352f8daf1e659dea6dbeda92bfee9456ff4ee27943b405ede83024ccc98b6f
